duplex_id,sense_sequence,antisense_sequence,sense_sequence_unmodified,antisense_sequence_unmodified,sense_oligo_id,antisense_oligo_id,cell_line,dose_nM,inhibition_percent,value_sd,replicate,transfection_method,target_gene_name,patent_id,source_file
AD-57517,GfcUfuAfaAfaGfGfGfaCfaGfuAfuUfcUfL96,aGfaAfuAfcUfgUfcccUfuUfuAfaGfcsAfsa,GCUUAAAAGGGACAGUAUUCU,AGAAUACUGUCCCUUUUAAGCAA,A-117289.1,A-117290.1,Hep3B,10.0,98.8,0.8,,,APOC3,EP4744669,EP4744669NWA2_table_06_T6_in_vitro_tables.csv
AD-57544,UfsusGfcUfuAfaAfAfGfgGfaCfaGfuAfuUfL96,asAfsuAfcUfcUfcCfcuuUfuAfaGfcAfasCfsc,UUGCUUAAAAGGGACAGUAUU,AAUACUGUCCCUUUUAAGCAACC,A-117357.1,A-117358.1,Hep3B,10.0,97.6,1.1,,,APOC3,EP4744669,EP4744669NWA2_table_06_T6_in_vitro_tables.csv
AD-57515,GfuUfgCfuUfaAfAfAfgGfgAfcAfgUfaUfL96,aUfaCfuGfuCfcCfuuuUfaAfgCfaAfcsCfsu,GUUGCUUAAAAGGGACAGUAU,AUACUGUCCCUUUUAAGCAACCU,A-117257.1,A-117258.1,Hep3B,10.0,97.5,2.0,,,APOC3,EP4744669,EP4744669NWA2_table_06_T6_in_vitro_tables.csv
AD-57551,GfsusUfgCfuUfaAfAfAfgGfgAfcAfgUfaUfL96,asUfsaCfuGfuCfcCfuuuUfaAfgCfaAfcsCfsu,GUUGCUUAAAAGGGACAGUAU,AUACUGUCCCUUUUAAGCAACCU,A-117329.1,A-117330.1,Hep3B,10.0,97.2,2.2,,,APOC3,EP4744669,EP4744669NWA2_table_06_T6_in_vitro_tables.csv
AD-57553,GfscsUfuAfaAfaGfUfUfaCfaGfuAfuUfcUfL96,asGfsaAfuAfcUfgUfcccUfuUfuAfaGfcsAfsa,GCUUAAAAGGGACAGUAUUCU,AGAAUACUGUCCCUUUUAAGCAA,A-117361.1,A-117362.1,Hep3B,10.0,97.0,2.1,,,APOC3,EP4744669,EP4744669NWA2_table_06_T6_in_vitro_tables.csv
AD-57498,GfaGfcAfcCfgUfUfAfaGfgAfcAfaGfuUfL96,aAfcUfuGfuCfcUfuaaCfgGfuGfcUfcsCfsa,GAGCACCGUUAAGGACAAGUU,AACUUGUCCUUAACGGUGCUCCA,A-117281.1,A-117282.1,Hep3B,10.0,96.6,2.4,,,APOC3,EP4744669,EP4744669NWA2_table_06_T6_in_vitro_tables.csv
AD-57508,UfuGfcUfuAfaAfAfGfgGfaCfaGfuAfuUfL96,aAfuAfcUfgUfcCfcuuUfuAfaGfcAfasCfsc,UUGCUUAAAAGGGACAGUAUU,AAUACUGUCCCUUUUAAGCAACC,A-117285.1,A-117286.1,Hep3B,10.0,93.9,7.8,,,APOC3,EP4744669,EP4744669NWA2_table_06_T6_in_vitro_tables.csv
AD-57523,GfcCfuGfaGfaCfCfUfcAfaUfaCfcCfcAfL96,uGfgGfgUfaUfuGfaggUfcUfcAfgGfcsAfsg,GCCUGAGACCUCAAUACCCCA,UGGGGUAUUGAGGUCUCAGGCAG,A-117261.1,A-117262.1,Hep3B,10.0,93.8,1.2,,,APOC3,EP4744669,EP4744669NWA2_table_06_T6_in_vitro_tables.csv
AD-57519,GfcCTcCfuGfuAfGfGfuUfgMUfaAfaAM96,uUfuUfaAfgCfaAfccuAfcAfgGfgGfcsAfsg,GCCCCUGUAGGUUGCUUAAAA,UUUUAAGCAACCUACAGGGGCAG,A-117259.1,A-117260.1,Hep3B,10.0,92.3,1.1,,,APOC3,EP4744669,EP4744669NWA2_table_06_T6_in_vitro_tables.csv
AD-57561,CfsusAfcUfgGfaGfCfAfcCTgUfuAfaGfgAfl96,usCfscUfuAfaCfgGfugcUfcCfaGfuAfgsUfsc,CUACUGGAGCACCGUUAAGGA,UCCUUAACGGUGCUCCAGUAGUC,A-117365.1,A-117366.1,Hep3B,10.0,92.0,2.3,,,APOC3,EP4744669,EP4744669NWA2_table_06_T6_in_vitro_tables.csv
AD-57502,GfaCfcUfcAfaUfAfCfcCfcAfaGfuCfcAfL96,uGfgAfcUfuGfgGfguaUfuGfaGfgUfcsUfsc,GACCUCAAUACCCCAAGUCCA,UGGACUUGGGGUAUUGAGGUCUC,A-117267.1,A-117268.1,Hep3B,10.0,91.0,2.0,,,APOC3,EP4744669,EP4744669NWA2_table_06_T6_in_vitro_tables.csv
AD-57547,AfspsAfcUfaCfuGfGfAfgCfaCfcGfuUfaAfL96,usUfsaAfcGfgUfgCfuccAfgUfaGfuCfusUfsu,AGACUACUGGAGCACCGUUAA,UUAACGGUGCUCCAGUAGUCUUU,A-117327.1,A-117328.1,Hep3B,10.0,90.2,4.3,,,APOC3,EP4744669,EP4744669NWA2_table_06_T6_in_vitro_tables.csv
AD-57511,AfgAfcUfaCfuGfGfAfgCfaCfcGfuUfaAfL96,uUfaAfcGfgUfgCfuccAfgUfaGfuCfusUfsu,AGACUACUGGAGCACCGUUAA,UUAACGGUGCUCCAGUAGUCUUU,A-117255.1,A-117256.1,Hep3B,10.0,89.4,3.0,,,APOC3,EP4744669,EP4744669NWA2_table_06_T6_in_vitro_tables.csv
AD-57493,CfuGfuAfgGfuUfGfCfuUfaAfaAfgGfgAfL96,uCfcCfuUfuUfaAfgcaAfcCTuAfcAfgsGfsg,CUGUAGGUUGCUUAAAAGGGA,UCCCUUUUAAGCAACCUACAGGG,A-117279.1,A-117280.1,Hep3B,10.0,89.1,6.0,,,APOC3,EP4744669,EP4744669NWA2_table_06_T6_in_vitro_tables.csv
AD-57555,GfscsCfcCfuGfuAfGfGfuUfgCfuUfaAfaAFL96,usUfsuUfaAfgCfaAfccuAfcAfgGfgGfcsAfsg,GCCCCUGUAGGUUGCUUAAAA,UUUUAAGCAACCUACAGGGGCAG,A-117331.1,A-117332.1,Hep3B,10.0,88.9,5.7,,,APOC3,EP4744669,EP4744669NWA2_table_06_T6_in_vitro_tables.csv
AD-57503,CfuGfgAfgCfaCfCfGfuUfaAfgGfaCfaAfL96,uUfgUfcCfuUfaAfcggUfgCluCfcAfgsUfsa,CUGGAGCACCGUUAAGGACAA,UUGUCCUUAACGGUGCUCCAGUA,A-117283.1,A-117284.1,Hep3B,10.0,87.1,3.2,,,APOC3,EP4744669,EP4744669NWA2_table_06_T6_in_vitro_tables.csv
AD-57496,CfcGfaUfgGfcUfUfCfaGfuUfcCfcUfgAfL96,uCfaGfgGfaAfcUfgaaGfcCfaUfcGfgsUfsc,CCGAUGGCUUCAGUUCCCUGA,UCAGGGAACUGAAGCCAUCGGUC,A-117249.1,A-117250.1,Hep3B,10.0,86.4,4.0,,,APOC3,EP4744669,EP4744669NWA2_table_06_T6_in_vitro_tables.csv
AD-57559,GfscsCfuGfaGfaCfCfUfcAfaUfaCfcCfcAfL96,usGfsgGfeUfaUfuGfaggUfcUfcAfgGlcsAfsg,GCCUGAGACCUCAAUACCCCA,UGGGGUAUUGAGGUCUCAGGCAG,A-117333.1,A-117334.1,Hep3B,10.0,86.3,5.7,,,APOC3,EP4744669,EP4744669NWA2_table_06_T6_in_vitro_tables.csv
AD-57513,UfgCfcCfcUfgUfAfGfgUfuGfcUfuAfaAfL96,uUfuAfaGfcAfaCfcuaCfaGfgGfgCfasGfsc,UGCCCCUGUAGGUUGCUUAAA,UUUAAGCAACCUACAGGGGCAGC,A-117287.1,A-117288.1,Hep3B,10.0,85.8,4.8,,,APOC3,EP4744669,EP4744669NWA2_table_06_T6_in_vitro_tables.csv
AD-57534,GfsasGfcAfcCfgUfUfAfaGfgAfcAfaGfuUfL96,asAfscUfuGfuCfcUfuaaCfgGfuGfcUfcsCfsa,GAGCACCGUUAAGGACAAGUU,AACUUGUCCUUAACGGUGCUCCA,A-117353.1,A-117354.1,Hep3B,10.0,84.5,17.3,,,APOC3,EP4744669,EP4744669NWA2_table_06_T6_in_vitro_tables.csv
AD-57491,CfgAfuGfgCfuUfCfAfgUfuCfcCfuGfaAfL96,uUfcAfgGfgAfaCfugaAfgCfcAfuCfgsGfsu,CGAUGGCUUCAGUUCCCUGAA,UUCAGGGAACUGAAGCCAUCGGU,A-117247.1,A-117248.1,Hep3B,10.0,84.4,6.8,,,APOC3,EP4744669,EP4744669NWA2_table_06_T6_in_vitro_tables.csv
AD-57512,CfaAfgAfcCfgCfCfAfaGfgAfuGfcAfcUfL96,aGfuGfcAfuCfcUfuggCfgGfuCfuUfgsGfsu,CAAGACCGCCAAGGAUGCACU,AGUGCAUCCUUGGCGGUCUUGGU,A-117271.1,A-117272.1,Hep3B,10.0,84.2,5.7,,,APOC3,EP4744669,EP4744669NWA2_table_06_T6_in_vitro_tables.csv
AD-57525,CfuAfcUfgGfaGfCfAfcCfgUfuAfaGfgAEL96,uCfcUfuAfaCfgGfugcUfcCfaGfuAfgsUfsc,CUACUGGAGCACCGUUAAGGA,UCCUUAACGGUGCUCCAGUAGUC,A-117293.1,A-117294.1,Hep3B,10.0,83.5,19.7,,,APOC3,EP4744669,EP4744669NWA2_table_06_T6_in_vitro_tables.csv
AD-57539,CfsusGfgAfgCfaCfCfGfuUfaAfgGfaCfaAfL96,usUfsgUfcCfuUfaAfcggUfgCfuCfcAfgsUfsa,CUGGAGCACCGUUAAGGACAA,UUGUCCUUAACGGUGCUCCAGUA,A-117355.1,A-117356.1,Hep3B,10.0,82.2,10.7,,,APOC3,EP4744669,EP4744669NWA2_table_06_T6_in_vitro_tables.csv
AD-57538,GfsasCfcUfcAfaUfAfCfcCfcAfaGfuCfcAfL96,usGfsgAfcUfuGfgGfguaUfuGfaGfgUfcsUfsc,GACCUCAAUACCCCAAGUCCA,UGGACUUGGGGUAUUGAGGUCUC,A-117339.1,A-117340.1,Hep3B,10.0,79.9,13.2,,,APOC3,EP4744669,EP4744669NWA2_table_06_T6_in_vitro_tables.csv
AD-57529,CfsusGfuAfgGfuUfGfCfuUfaAfaAfgGfgAfL96,usCfscCfuUfuUfaAfgcaAfcCfuAfcAfgsGfsg,CUGUAGGUUGCUUAAAAGGGA,UCCCUUUUAAGCAACCUACAGGG,A-117351.1,A-117352.1,Hep3B,10.0,79.5,9.7,,,APOC3,EP4744669,EP4744669NWA2_table_06_T6_in_vitro_tables.csv
AD-57527,CfsgsAfuGfgCfuUfCfAfgUfuCfcCfuGfaAfL96,usUfscAfgGfgAfaCfugaAfgCfcAfuCfgsGfsu,CGAUGGCUUCAGUUCCCUGAA,UUCAGGGAACUGAAGCCAUCGGU,A-117319.1,A-117320.1,Hep3B,10.0,77.5,13.3,,,APOC3,EP4744669,EP4744669NWA2_table_06_T6_in_vitro_tables.csv
AD-57521,GfuAfgGfuUfgCfUfUfaAfaAfgGfgAfcAfL96,uGfuCfcCfuUfuUfaagCfaAfcCfuAfcsAfsg,GUAGGUUGCUUAAAAGGGACA,UGUCCCUUUUAAGCAACCUACAG,A-117291.1,A-117292.1,Hep3B,10.0,74.2,24.4,,,APOC3,EP4744669,EP4744669NWA2_table_06_T6_in_vitro_tables.csv
AD-57501,AfcCfaAfgAfcCfGfCfcAfaGfgAfuGfcAfL96,uGfcAfuCfcUfuGfgcgGfuCfuUfgGfusGfsg,ACCAAGACCGCCAAGGAUGCA,UGCAUCCUUGGCGGUCUUGGUGG,A-117251.1,A-117252.1,Hep3B,10.0,74.1,8.4,,,APOC3,EP4744669,EP4744669NWA2_table_06_T6_in_vitro_tables.csv
AD-57548,CfsasAfgAfcCfgCfCfAfaGfgAfuGfcAfcUfL96,asGfsuGfcAfuCfcUfuggCfgGfuCfuUfgsGfsu,CAAGACCGCCAAGGAUGCACU,AGUGCAUCCUUGGCGGUCUUGGU,A-117343.1,A-117344.1,Hep3B,10.0,73.9,12.2,,,APOC3,EP4744669,EP4744669NWA2_table_06_T6_in_vitro_tables.csv
AD-57516,GfcUfgCfcCfcUfGfUfaGfgUfuGfcUfuAfL96,uAfaGfcAfaCfcUfacaGfgGfgCfaGfcsCfsc,GCUGCCCCUGUAGGUUGCUUA,UAAGCAACCUACAGGGGCAGCCC,A-117273.1,A-117274.1,Hep3B,10.0,70.8,10.4,,,APOC3,EP4744669,EP4744669NWA2_table_06_T6_in_vitro_tables.csv
AD-57533,GfspsAfgCfaCfcGfUfUfaAfgGfaCfaAfgUfL96,asCfsuUfgUfcCfuUfaacGfgUfgCfuCfcsAfsg,GGAGCACCGUUAAGGACAAGU,ACUUGUCCUUAACGGUGCUCCAG,A-117337.1,A-117338.1,Hep3B,10.0,70.3,22.8,,,APOC3,EP4744669,EP4744669NWA2_table_06_T6_in_vitro_tables.csv
AD-57532,CfscsGfaUfgGfcUfUfCfaGfuUfcCfcUfgAfL96,usCfsaGfgGfaAfcUfgaaGfcCfaUfcGfgsUfsc,CCGAUGGCUUCAGUUCCCUGA,UCAGGGAACUGAAGCCAUCGGUC,A-117321.1,A-117322.1,Hep3B,10.0,69.6,29.3,,,APOC3,EP4744669,EP4744669NWA2_table_06_T6_in_vitro_tables.csv
AD-57497,GfgAfgCfaCfcGfUfUfaAfgGfaCfaAfgUfL96,aCfuUfgUfcCfuUfaacGfgUfgCTuCfcsAfsg,GGAGCACCGUUAAGGACAAGU,ACUUGUCCUUAACGGUGCUCCAG,A-117265.1,A-117266.1,Hep3B,10.0,69.5,6.0,,,APOC3,EP4744669,EP4744669NWA2_table_06_T6_in_vitro_tables.csv
AD-57549,UfsgsCfcCfcUfgUfAfGfgUfuGfcUfuAfaAfL96,usUfsuAfaGfcAfaCfcuaCfaGfgGfgCfasGfsc,UGCCCCUGUAGGUUGCUUAAA,UUUAAGCAACCUACAGGGGCAGC,A-117359.1,A-117360.1,Hep3B,10.0,68.2,16.3,,,APOC3,EP4744669,EP4744669NWA2_table_06_T6_in_vitro_tables.csv
AD-57506,GfuGfgCfuGfcCfUfGfaGfaCfcUfcAfaUEL96,aUfuGfaGfgUfcUfcagGfcAfgCfcAfcsGfsg,GUGGCUGCCUGAGACCUCAAU,AUUGAGGUCUCAGGCAGCCACGG,A-117253.1,A-117254.1,Hep3B,10.0,65.7,9.0,,,APOC3,EP4744669,EP4744669NWA2_table_06_T6_in_vitro_tables.csv
AD-57557,GfsusAfgGfuUfgCfUfUfaAfaAfgGfgAfcAfL96,usGfsuCfcCfuUfuUfaagCfaAfcCfuAfcsAfsg,GUAGGUUGCUUAAAAGGGACA,UGUCCCUUUUAAGCAACCUACAG,A-117363.1,A-117364.1,Hep3B,10.0,64.7,22.0,,,APOC3,EP4744669,EP4744669NWA2_table_06_T6_in_vitro_tables.csv
AD-57520,AfcUfgGfaGfcAfCfCfgUfuAfaGfgAfcAfL96,uGfuCfcUfuAfaCfgguGfcUfcCfaGfusAfsg,ACUGGAGCACCGUUAAGGACA,UGUCCUUAACGGUGCUCCAGUAG,A-117275.1,A-117276.1,Hep3B,10.0,62.4,17.7,,,APOC3,EP4744669,EP4744669NWA2_table_06_T6_in_vitro_tables.csv
AD-57556,AfscsUfgGfaGfcAfCfCfgUfuAfaGfgAfcAEL96,usGfsuCfcUfuAfaCfgguGfcUfcCfaGfusAfsg,ACUGGAGCACCGUUAAGGACA,UGUCCUUAACGGUGCUCCAGUAG,A-117347.1,A-117348.1,Hep3B,10.0,61.9,18.3,,,APOC3,EP4744669,EP4744669NWA2_table_06_T6_in_vitro_tables.csv
AD-57505,CfcCfuGfaAfaGfGfCfuAfcUfgGfaGfcAfL96,uGfcUfcCfaGfuAfgccUfuUfcAfgGfgsAfsu,,,A-117315.1,A-117316.1,Hep3B,10.0,60.2,19.2,,,APOC3,EP4744669,EP4744669NWA2_table_06_T6_in_vitro_tables.csv
AD-57542,GfsusGfgCfuGfcCfUfGfaGfaCfcUfcAfaUfL96,asUfsuGfaGfgUfcUfcagGfcAfgCfcAfcsGfsg,GUGGCUGCCUGAGACCUCAAU,AUUGAGGUCUCAGGCAGCCACGG,A-117325.1,A-117326.1,Hep3B,10.0,58.6,6.0,,,APOC3,EP4744669,EP4744669NWA2_table_06_T6_in_vitro_tables.csv
AD-57552,GfscsUfgCfcCfcUfGfUfaGfgUfuGfcUfuAfL96,usAfsaGfcAfaCfcUfacaGfgGfgCfaGfcsCfsc,GCUGCCCCUGUAGGUUGCUUA,UAAGCAACCUACAGGGGCAGCCC,A-117345.1,A-117346.1,Hep3B,10.0,58.6,13.3,,,APOC3,EP4744669,EP4744669NWA2_table_06_T6_in_vitro_tables.csv
AD-57537,AfscsCfaAfgAfcCfGfCfcAfaGfgAfuGfcAEL96,usGfscAfuCfcUfuGfgcgGfuCfuUfgGfusGfsg,ACCAAGACCGCCAAGGAUGCA,UGCAUCCUUGGCGGUCUUGGUGG,A-117323.1,A-117324.1,Hep3B,10.0,54.6,20.4,,,APOC3,EP4744669,EP4744669NWA2_table_06_T6_in_vitro_tables.csv
AD-57541,CfscsCfuGfaAfaGfGfCfuAfcUfgGfaGfcAfL96,usGfscUfcCfaGfuAfgccUfuUfcAfgGfgsAfsu,,,A-117387.1,A-117388.1,Hep3B,10.0,41.7,13.8,,,APOC3,EP4744669,EP4744669NWA2_table_06_T6_in_vitro_tables.csv
AD-57495,UfgAfaAfgGfcUfAfCfuGfgAfgCfaAfgUfL96,aCfuUfgCfuCfcAfguaGfcCfuUfuCfasGfsg,,,A-117311.1,A-117312.1,Hep3B,10.0,40.5,5.2,,,APOC3,EP4744669,EP4744669NWA2_table_06_T6_in_vitro_tables.csv
AD-57507,CfcUfgAfgAfcCfUfCfaAfuAfcCfcCfaAfL96,uUfgGfgGfuAfuUfgagGfuCfuCfaGfgsCfsa,CCUGAGACCUCAAUACCCCAA,UUGGGGUAUUGAGGUCUCAGGCA,A-117269.1,A-117270.1,Hep3B,10.0,35.8,2.4,,,APOC3,EP4744669,EP4744669NWA2_table_06_T6_in_vitro_tables.csv
AD-57510,CfcUfgAfaAfgGfCfUfaCfuGfgAfgCfaAfL96,uUfgCfuCfcAfgUfagcCfuUfuCfaGfgsGfsa,,,A-117317.1,A-117318.1,Hep3B,10.0,32.8,0.4,,,APOC3,EP4744669,EP4744669NWA2_table_06_T6_in_vitro_tables.csv
AD-57522,CfuAfcAfuGfgAfAfCfaAfgacUfcCfaAFL96,uUfegGfaGfgCluUfguuCfcAfuGfuAfgsCfsc,,,A-117307.1,A-117308.1,Hep3B,10.0,32.5,15.5,,,APOC3,EP4744669,EP4744669NWA2_table_06_T6_in_vitro_tables.csv
AD-57504,GfcUfaCfaUfgGfAfAfcAfaGfcCfuCfcAfL96,uGfgAfgGfcUfuGfuucCfaUfgUfaGfesCfsc,,,A-117299.1,A-117300.1,Hep3B,10.0,30.9,7.8,,,APOC3,EP4744669,EP4744669NWA2_table_06_T6_in_vitro_tables.csv
AD-57546,CfscsUfgAfaAfgGfCfUfaCfuGfgAfgCfaAfL96,usUfsgCfuCfcAfgUfagcCfuUfuCfaGfgsGfsa,,,A-117389.1,A-117390.1,Hep3B,10.0,27.9,9.6,,,APOC3,EP4744669,EP4744669NWA2_table_06_T6_in_vitro_tables.csv
AD-57543,CfscsUfgAfgAfcCfUfCfaAfuAfcCfcCfaAfL96,usUfsgGfeGfuAfuUfgagGfuCfuCfaGfgsCfsa,CCUGAGACCUCAAUACCCCAA,UUGGGGUAUUGAGGUCUCAGGCA,A-117341.1,A-117342.1,Hep3B,10.0,27.0,0.1,,,APOC3,EP4744669,EP4744669NWA2_table_06_T6_in_vitro_tables.csv
AD-57558,CfsusAfcAfuGfgAfAfCfaAfgCfcUfcCfaAfL96,usUfsgGfaGfgCfuUfguuCfcAfuGfuAfgsCfsc,,,A-117379.1,A-117380.1,Hep3B,10.0,24.4,11.9,,,APOC3,EP4744669,EP4744669NWA2_table_06_T6_in_vitro_tables.csv
AD-57545,AfscsAfaGfcCfuCfCfAfaGfaCfgGfuCfcAFL96,usGfsgAfcCfgUfcUfuggAfgGfcUfuGfusUfsc,,,A-117373.1,A-117374.1,Hep3B,10.0,17.5,1.6,,,APOC3,EP4744669,EP4744669NWA2_table_06_T6_in_vitro_tables.csv
AD-57509,AfcAfaGfcCfuCfCfAfaGfaCfutGfuCfcAtL96,uGfgAfcCfgUfcUfuggAfgGfcUfuGfusUfsc,,,A-117301.1,A-117302.1,Hep3B,10.0,16.6,2.1,,,APOC3,EP4744669,EP4744669NWA2_table_06_T6_in_vitro_tables.csv
AD-57514,GfaAfaGfgCfuAfCfUfgGfaGfcAfaGfuUfL96,aAfcUfuGfcUfcCfaguAfgCfcUfuUfcsAfsg,,,A-117303.1,A-117304.1,Hep3B,10.0,14.8,2.8,,,APOC3,EP4744669,EP4744669NWA2_table_06_T6_in_vitro_tables.csv
AD-57550,GfsasAfaGfgCfuAfCfUfgGfaGfcAfaGfuUfL96,asAfscUfuGfcUfcCfaguAfgCfcUfuUfcsAfsg,,,A-117375.1,A-117376.1,Hep3B,10.0,14.8,3.0,,,APOC3,EP4744669,EP4744669NWA2_table_06_T6_in_vitro_tables.csv
AD-57540,GfscsUfaCfaUfgGfAfAfcAfaGfcCfuCfcAfL96,usGfsgAfgGfcUfuGfuucCfaUfgUfaGfcsCfsc,,,A-117371.1,A-117372.1,Hep3B,10.0,13.9,11.5,,,APOC3,EP4744669,EP4744669NWA2_table_06_T6_in_vitro_tables.csv
AD-57500,AfcAfuGfgAfaCfAfAfgCfcUfcCfaAfgAfL96,uCfuUfgGfaGfgCfuugUfuCfcAfuGfusAfsg,,,A-117313.1,A-117314.1,Hep3B,10.0,13.7,2.7,,,APOC3,EP4744669,EP4744669NWA2_table_06_T6_in_vitro_tables.csv
AD-57499,GfcCfuCfcAfaGfAfCfgGfuCfcAfgGfaUfL96,aUfcCfuGfgAfcCfgucUfuGigAfgGfesUfsu,,,A-117297.1,A-117298.1,Hep3B,10.0,10.9,2.2,,,APOC3,EP4744669,EP4744669NWA2_table_06_T6_in_vitro_tables.csv
AD-57536,AfscsAfuGfgAfaCfAfAfCfcUfcCfaAfgAfL96,usCfsuUfgGfaGfgCfuugUfuCfcAfuGfusAfsg,,,A-117385.1,A-117386.1,Hep3B,10.0,9.9,13.4,,,APOC3,EP4744669,EP4744669NWA2_table_06_T6_in_vitro_tables.csv
AD-57554,GfsgsAfaCfaAfgCfCfUfcCfaAfgAfcGfgUfL96,asCfscGfuCfuUfgGfaggCfuUfgUfuCfcsAfsu,,,A-117377.1,A-117378.1,Hep3B,10.0,7.0,0.2,,,APOC3,EP4744669,EP4744669NWA2_table_06_T6_in_vitro_tables.csv
AD-57518,GfgAfaCfaAfgCfCfUfcCfaAfgAfcGfgUfL96,aCfcGfuCfuUfgGfaggCfuUfgUfuCfcsAfsu,,,A-117305.1,A-117306.1,Hep3B,10.0,5.0,1.5,,,APOC3,EP4744669,EP4744669NWA2_table_06_T6_in_vitro_tables.csv
AD-57526,GfgAfuCfcUfuGfCfUfgCfuGfpGfcUfcUfL96,aGfaGfcCfcAfgCfagcAfaGfgAfuCfcsCfsu,,,A-117309.1,A-117310.1,Hep3B,10.0,3.5,3.9,,,APOC3,EP4744669,EP4744669NWA2_table_06_T6_in_vitro_tables.csv
AD-57531,UfsgsAfaAfgGfcUfAfCfuGfgAfgCfaAfgUfL96,asCfsuUfgCfuCfcAfguaGfcCfuUfuCfasGfsg,,,A-117383.1,A-117384.1,Hep3B,10.0,0.2,28.0,,,APOC3,EP4744669,EP4744669NWA2_table_06_T6_in_vitro_tables.csv
AD-57535,GfscsCfuCfcAfaGfAfCfgGfuCfcAfgGfaUfL96,asUfscCfuGfgAfcCfgucUfuGfgAfgGfcsUfsu,,,A-117369.1,A-117370.1,Hep3B,10.0,-1.3,12.9,,,APOC3,EP4744669,EP4744669NWA2_table_06_T6_in_vitro_tables.csv
AD-57562,GfsgsAfuCfcUfuGfCfUfgCfuGfgGfcUfcUfL96,asGfsaGfcCfcAfgCfagcAfaGfgAfuCfcsCfsu,,,A-117381.1,A-117382.1,Hep3B,10.0,-3.6,8.6,,,APOC3,EP4744669,EP4744669NWA2_table_06_T6_in_vitro_tables.csv
AD-58925,AfsasGfgGfaCfaGfUfAfuUfcUfcAfgUfgCfL96,gsCfsaCfuGfaGfaAfuacUfgUfcCfcUfususu,AAGGGACAGUAUUCUCAGUGC,GCACUGAGAAUACUGUCCCUUUU,A-119694.1,A-119695.1,Hep3B,10.0,89.0,0.6,,,APOC3,EP4744669,EP4744669NWA2_table_06_T6_in_vitro_tables.csv
AD-58911,CfscsCfaAfuAfaAfGfCfuGfgAfcAfaGfaAfL96,usUfscUfuGfuCfcAfgcuUfuAfuUfgGfgsasg,CCCAAUAAAGCUGGACAAGAA,UUCUUGUCCAGCUUUAUUGGGAG,A-119667.1,A-119668.1,Hep3B,10.0,87.9,0.4,,,APOC3,EP4744669,EP4744669NWA2_table_06_T6_in_vitro_tables.csv
AD-58924,CfscsUfcCfcAfaUfAfAfaGfcUfgGfaCfaAfL96,usUfsgUfcCfaGfcUfuuaUfuGfgGfaGfgscsc,CCUCCCAAUAAAGCUGGACAA,UUGUCCAGCUUUAUUGGGAGGCC,A-119679.1,A-119680.1,Hep3B,10.0,86.0,0.8,,,APOC3,EP4744669,EP4744669NWA2_table_06_T6_in_vitro_tables.csv
AD-58933,CfscsUfaAfuAfaAfGfCfuGfgAfuAfaGfaAfL96,usUfscUfuAfuCfcAfgcuUfuAfuUfaGfgsgsa,,,A-119702.1,A-119703.1,Hep3B,10.0,84.9,0.4,,,APOC3,EP4744669,EP4744669NWA2_table_06_T6_in_vitro_tables.csv
AD-58922,UfscsCfcAfaUfaAfAfGfcUfgGfaCfaAfgAfL96,usCfsuUfgUfcCfaGfcuuUfaUfuGfgGfasgsg,UCCCAAUAAAGCUGGACAAGA,UCUUGUCCAGCUUUAUUGGGAGG,A-119677.1,A-119678.1,Hep3B,10.0,84.7,1.0,,,APOC3,EP4744669,EP4744669NWA2_table_06_T6_in_vitro_tables.csv
AD-58916,CfsusCfcCfaAfuATAfAfgCfuGfgAfcAfaGfL96,csUfsuGfuCfcAfgCfuuuAfuUfgGfgAfgsgsc,CUCCCAAUAAAGCUGGACAAG,CUUGUCCAGCUUUAUUGGGAGGC,A-119671.1,A-119672.1,Hep3B,10.0,77.0,0.9,,,APOC3,EP4744669,EP4744669NWA2_table_06_T6_in_vitro_tables.csv
AD-58935,GfscsUfpGfaUfaAfGfAfaGfcUfgCfuGfuUfL96,asAfscAffCfaGfcUfucuUfaUfcCfaGfcsusu,,,A-119734.1,A-119735.1,Hep3B,10.0,76.7,0.4,,,APOC3,EP4744669,EP4744669NWA2_table_06_T6_in_vitro_tables.csv
AD-58920,CfsusUfaAfaAfgGfGfAfcAfgUfaUfuCfuCfL96,gsAfsgAfaUfaCfuGfuccCfuUfuUfaAfgscsa,CUUAAAAGGGACAGUAUUCUC,GAGAAUACUGUCCCUUUUAAGCA,A-119675.1,A-119676.1,Hep3B,10.0,76.4,0.6,,,APOC3,EP4744669,EP4744669NWA2_table_06_T6_in_vitro_tables.csv
AD-58918,GfscsUfgGfaCfaAfGfAfaGfcUfgCfuAfuGfL96,csAfsuAfgCfaGfcUfucuUfgUfcCfaGfcsusu,GCUGGACAAGAAGCUGCUAUG,CAUAGCAGCUUCUUGUCCAGCUU,A-119673.1,A-119674.1,Hep3B,10.0,73.4,0.6,,,APOC3,EP4744669,EP4744669NWA2_table_06_T6_in_vitro_tables.csv
AD-58917,CfsusGfcCfcCfuGfUfAfgGfuUfgCfuUfaAfL96,usUfsaAfgCfaAfcCfuacAfgGfgGfcAfgscsc,CUGCCCCUGUAGGUUGCUUAA,UUAAGCAACCUACAGGGGCAGCC,A-117367.2,A-119687.1,Hep3B,10.0,70.6,1.1,,,APOC3,EP4744669,EP4744669NWA2_table_06_T6_in_vitro_tables.csv
AD-58914,CfscsCfcUfgUfaGfGfUfuGfcUfuAfaAfaGfL96,csUfsuUfuAfaGfcAfaccUfaCfaGfgGfgscsa,CCCCUGUAGGUUGCUUAAAAG,CUUUUAAGCAACCUACAGGGGCA,A-119669.1,A-119670.1,Hep3B,10.0,69.0,1.3,,,APOC3,EP4744669,EP4744669NWA2_table_06_T6_in_vitro_tables.csv
AD-58919,GfscsCfuCfcCfaAfUfAfaAfgCfuGfgAfcAfL96,usGfsuCfcAfgCfuUfuauUfgGfgAfgGfcscsa,GCCUCCCAAUAAAGCUGGACA,UGUCCAGCUUUAUUGGGAGGCCA,A-119688.1,A-119689.1,Hep3B,10.0,68.2,1.9,,,APOC3,EP4744669,EP4744669NWA2_table_06_T6_in_vitro_tables.csv
AD-58913,CfsusGfcCfuGfaGfAfCfcUfcAfaUfaCfcCfL96,gsGfsgUfaUfuGfaGfgucUfcAfgGfcAfgscsc,CUGCCUGAGACCUCAAUACCC,GGGUAUUGAGGUCUCAGGCAGCC,A-119698.1,A-119699.1,Hep3B,10.0,67.6,1.5,,,APOC3,EP4744669,EP4744669NWA2_table_06_T6_in_vitro_tables.csv
AD-58957,AfsgsCfuGfgAfuAfAFGfaAfgCfuGfcUfgUfL96,asCfsaGfcAfgCfuUfcuuAfuCfcAfgCfususu,,,A-119744.1,A-119745.1,Hep3B,10.0,64.0,1.4,,,APOC3,EP4744669,EP4744669NWA2_table_06_T6_in_vitro_tables.csv
AD-58923,UfspsAfgAfcCfuCfAfAfuAfcCfcCfaAfgUfL96,asCfsuUfgGfgGfuAfuugAfgGfuCfu(Cfasgsg,UGAGACCUCAAUACCCCAAGU,ACUUGGGGUAUUGAGGUCUCAGG,A-119692.1,A-119693.1,Hep3B,10.0,57.2,2.9,,,APOC3,EP4744669,EP4744669NWA2_table_06_T6_in_vitro_tables.csv
AD-58915,GfsgsCfuGfcCfuGfAfGfaCfcUfcAfaUfaCfL96,gsUfsaUfuGfaGfgUfcucAfgGfcAfgCfcsasc,GGCUGCCUGAGACCUCAAUAC,GUAUUGAGGUCUCAGGCAGCCAC,A-119685.1,A-119686.1,Hep3B,10.0,51.6,0.8,,,APOC3,EP4744669,EP4744669NWA2_table_06_T6_in_vitro_tables.csv
AD-58927,GfsgsCfcUfcCfcAfAfUfaAfaGfcUfgGfaCfL96,gsUfscCfaGfcUfuUfauuGfgGfaGfgCfcsasg,GGCCUCCCAAUAAAGCUGGAC,GUCCAGCUUUAUUGGGAGGCCAG,A-119696.1,A-119697.1,Hep3B,10.0,43.0,1.6,,,APOC3,EP4744669,EP4744669NWA2_table_06_T6_in_vitro_tables.csv
AD-58962,CfsusGfuCfcCfuAfAfUfaAfaGfcUfgGfaUfL96,asUfscCfaGfcUfuUfauuAfgGfgAfcAfgscsa,,,A-119762.1,A-119763.1,Hep3B,10.0,42.1,5.5,,,APOC3,EP4744669,EP4744669NWA2_table_06_T6_in_vitro_tables.csv
AD-58921,GfscsUfgCfcUfgAfGfAfcCfuCfaAfuAfcCfL96,psGfsuAfuUfgAfpGfucuCfaGfgCfaGfcscsa,GCUGCCUGAGACCUCAAUACC,GGUAUUGAGGUCUCAGGCAGCCA,A-119690.1,A-119691.1,Hep3B,10.0,36.1,2.5,,,APOC3,EP4744669,EP4744669NWA2_table_06_T6_in_vitro_tables.csv
AD-58926,CfscsCfuGfuAfgGfUfUfpCfuUfaAfaAfgGfL96,csCfsuUfuUfaAfgCfaacCfuAfcAfgGfgsgsc,CCCUGUAGGUUGCUUAAAAGG,CCUUUUAAGCAACCUACAGGGGC,A-119681.1,A-119682.1,Hep3B,10.0,34.9,2.0,,,APOC3,EP4744669,EP4744669NWA2_table_06_T6_in_vitro_tables.csv
AD-58947,CfscsCfuAfaUfaAfAfGfcUfgGfaUfaAfgAfL96,usCfsuUfaUfcCfaGfcuuUfaUfuAfgGfgsasc,,,A-119708.1,A-119709.1,Hep3B,10.0,30.6,3.4,,,APOC3,EP4744669,EP4744669NWA2_table_06_T6_in_vitro_tables.csv
AD-58928,GfscsCfcCfuGfaAfGfGfuUfgCfuUfuAfaGfL96,csUfsuAfaAfgCfaAfccuUfcAfpGfgGfcscsa,,,A-119700.1,A-119701.1,Hep3B,10.0,25.5,5.3,,,APOC3,EP4744669,EP4744669NWA2_table_06_T6_in_vitro_tables.csv
AD-58931,CfsusGfaAfgGfuUfGfCfuUfuAfaGfgGfgAfL96,usCfscCfcUfuAfaAfgcaAfcCfuUfcAfgsgsg,,,A-119748.1,A-119749.1,Hep3B,10.0,22.8,6.2,,,APOC3,EP4744669,EP4744669NWA2_table_06_T6_in_vitro_tables.csv
AD-58950,CfscsCfuCfcCfuAfGfAfuCfuCfaCfcUfaAfL96,usUfsaGfgUfgAfgAfucuAfpGfgAfgGfgsgsu,,,A-119756.1,A-119757.1,Hep3B,10.0,17.6,1.1,,,APOC3,EP4744669,EP4744669NWA2_table_06_T6_in_vitro_tables.csv
AD-58936,AfsasGfuAfuGfuUfCfUfcAfuGfuCfuUfcAfL96,usGfsaAfgAfcAfuGfagaAfcAfuAfcUfususc,,,A-119750.1,A-119751.1,Hep3B,10.0,10.8,2.3,,,APOC3,EP4744669,EP4744669NWA2_table_06_T6_in_vitro_tables.csv
AD-58956,UfsgsGfcCfcCfuGfAfAfgGfuUfgCfuUfuAfL96,usAfsaAfgClaAfcCfuucAfpGfgGfcCfascsc,,,A-119728.1,A-119729.1,Hep3B,10.0,7.0,1.4,,,APOC3,EP4744669,EP4744669NWA2_table_06_T6_in_vitro_tables.csv
AD-58912,AfsusCfuCfcAfgGfGfCfuGfcCfcCfuGfuAfL96,usAfscAfgGfgGfcAfgccCfuGfgAfgAfususg,AUCUCCAGGGCUGCCCCUGUA,UACAGGGGCAGCCCUGGAGAUUG,A-119683.1,A-119684.1,Hep3B,10.0,6.1,3.1,,,APOC3,EP4744669,EP4744669NWA2_table_06_T6_in_vitro_tables.csv
AD-58951,AfsasAfcAfuGfcUfGfUfcCfcUfaAfuAfaAfL96,usUfsuAfuUfaGfgGfacaGfcAfuGfuUfusasg,,,A-119710.1,A-119711.1,Hep3B,10.0,3.0,2.7,,,APOC3,EP4744669,EP4744669NWA2_table_06_T6_in_vitro_tables.csv
AD-58949,GfscsAfgAfuGfuGfCfCfuGfuUfcCfuCfcAfL96,usGfsgAfgGfaAfcAfggcAfcAfuCfuGfcsasa,,,A-119740.1,A-119741.1,Hep3B,10.0,2.7,1.8,,,APOC3,EP4744669,EP4744669NWA2_table_06_T6_in_vitro_tables.csv
AD-58955,UfscsCfcUfaAfuAfAfAfgCfuGfgAfuAfaGfL96,csUfsuAfuCfcAfgCfuuuAfuUfaGfgGfascsa,,,A-119712.1,A-119713.1,Hep3B,10.0,2.6,3.7,,,APOC3,EP4744669,EP4744669NWA2_table_06_T6_in_vitro_tables.csv
AD-58948,UfsgsAfgAfcUfuCfUfGfuGfuUfgCfaGfaUtL96,asUfscUfgCfaAfcAfcagAfaGfuCfuCfascsg,,,A-119724.1,A-119725.1,Hep3B,10.0,2.1,7.9,,,APOC3,EP4744669,EP4744669NWA2_table_06_T6_in_vitro_tables.csv
AD-58937,CfscsCfuAfgAfuCfUfCfaCfcUfaAfaCfaUfL96,asUfsgUfuUfaGfgUfgagAfuCfuAfgGfgsasg,,,A-119766.1,A-119767.1,Hep3B,10.0,1.3,4.8,,,APOC3,EP4744669,EP4744669NWA2_table_06_T6_in_vitro_tables.csv
AD-58932,UfscsGfuGfaGfaCfUfUfcUfgUfgUfuGfcAfL96,usGfscAfaCfaCfaGfaagUfcUfcAfcGfascsu,,,A-119764.1,A-119765.1,Hep3B,10.0,0.6,5.8,,,APOC3,EP4744669,EP4744669NWA2_table_06_T6_in_vitro_tables.csv
AD-58946,UfsusCfuGfuGfuUfGfCfaGfaUfgUfgCfcUfL96,asGfsgCfaCfaUfcUfgcaAfcAfcAfgAfasgsu,,,A-119754.1,A-119755.1,Hep3B,10.0,-0.8,2.0,,,APOC3,EP4744669,EP4744669NWA2_table_06_T6_in_vitro_tables.csv
AD-58944,CfsusCfcCfuAfgAfUfCfuCfaCfcUfaAfaCfL96,psUfsuUfaGfgUfgAfgauCfuAfgGfgAfgsgsg,,,A-119722.1,A-119723.1,Hep3B,10.0,-6.5,4.7,,,APOC3,EP4744669,EP4744669NWA2_table_06_T6_in_vitro_tables.csv
AD-58954,AfsasCfaUfgCfuGfUfCfcCfuAfaUfaAfaGfL96,csUfsuUfaUfuAfgGfgacAfgCfaUfgUfususa,,,A-119758.1,A-119759.1,Hep3B,10.0,-8.7,3.5,,,APOC3,EP4744669,EP4744669NWA2_table_06_T6_in_vitro_tables.csv
AD-58940,UfscsAfcCfuAfaAfCfAfuGfcUfgUfcCfcUfL96,asGfsgGfaCfaGfcAfuguUfuAfgGfuGfasgsa,,,A-119736.1,A-119737.1,Hep3B,10.0,-9.0,,,,APOC3,EP4744669,EP4744669NWA2_table_06_T6_in_vitro_tables.csv
AD-58961,AfsusUfgAfgUfcGfUfGfaGfaCfuUfcUfgUfL96,asCfsaGfaAfgUfcUfcacGfaCfuCfaAfusasg,,,A-119746.1,A-119747.1,Hep3B,10.0,-10.4,,,,APOC3,EP4744669,EP4744669NWA2_table_06_T6_in_vitro_tables.csv
AD-58952,GfsusCfcCfuAfaUfAfAfaGfcUfgGfaUfaAfL96,usUfsaUfcCfaGfcUfuuaUfuAfgGfgAfcsasg,,,A-119726.1,A-119727.1,Hep3B,10.0,-10.7,,,,APOC3,EP4744669,EP4744669NWA2_table_06_T6_in_vitro_tables.csv
AD-58945,UfsusAfaGfgGfgAfAfAfgUfaUfgUfuCfuCfL96,gsAfsgAfaCfaUfaCfuuuCfcCfcUfuAfasasg,,,A-119738.1,A-119739.1,Hep3B,10.0,-14.5,,,,APOC3,EP4744669,EP4744669NWA2_table_06_T6_in_vitro_tables.csv
AD-58929,GfsusUfgCfuUfuAfAfGfgGfgAfaAfgUfaUfL96,asUfsaCfuUfuCfcCfcuuAfaAfpCfaAfcscsu,,,A-119716.1,A-119717.1,Hep3B,10.0,-15.0,,,,APOC3,EP4744669,EP4744669NWA2_table_06_T6_in_vitro_tables.csv
AD-58958,AfscsCfuAfaAfcAfUfGfcUfgUfcCfcUfaAfL96,usUfsaGfgGfaCfaGfcauGfuUfuAfgGfusgsa,,,A-119760.1,A-119761.1,Hep3B,10.0,-15.7,,,,APOC3,EP4744669,EP4744669NWA2_table_06_T6_in_vitro_tables.csv
AD-58938,AfsasGfgGfcAfaAfGfUfaUfgUfuCfuCfaUfL96,asUfsgAfgAfaCfaUfacuUfuCfcCfcUfusasa,,,A-119704.1,A-119705.1,Hep3B,10.0,-18.5,,,,APOC3,EP4744669,EP4744669NWA2_table_06_T6_in_vitro_tables.csv
AD-58939,UfsasAfgGfpGfaAfAfGfuAfuGfuUfcUfcAfL96,usGfsaGfaAfcAfuAfcuuUfcCfcCfuUfasasa,,,A-119720.1,A-119721.1,Hep3B,10.0,-19.3,,,,APOC3,EP4744669,EP4744669NWA2_table_06_T6_in_vitro_tables.csv
AD-58960,GfsasAfaGfuAfuGfUfUfcUfcAfuGfuCfuUfL96,asAfsgAfcAfuGfaGfaacAfuAfcUfuUfcscsc,,,A-119730.1,A-119731.1,Hep3B,10.0,-20.6,,,,APOC3,EP4744669,EP4744669NWA2_table_06_T6_in_vitro_tables.csv
AD-58930,UfsusUfaAfgGfgGfAfAfaGfuAfuGfuUfcUfL96,asGfsaAfcAfuAfcUfuucCfcCfuUfaAfasgsc,,,A-119732.1,A-119733.1,Hep3B,10.0,-23.7,,,,APOC3,EP4744669,EP4744669NWA2_table_06_T6_in_vitro_tables.csv
AD-58959,CfscsUfaAfaCfaUfGfCfuGfuCfcCfuAfaUfL96,asUfsuAfgGfgAfcAfgcaUfgUfuUfaGfgsusg,,,A-119714.1,A-119715.1,Hep3B,10.0,-33.2,,,,APOC3,EP4744669,EP4744669NWA2_table_06_T6_in_vitro_tables.csv
AD-64805,Y440fscsUfuAfaAfaGfGfGfaCfa0fuAfuUfcUfL96,PasGfsaAfuAfcUfgUfcccUfuUfuAfaGfcsasa,GCUUAAAAGGGACAGUAUUCU,AGAAUACUGUCCCUUUUAAGCAA,A-129548.4,A-129547.4,Hep3B,10.0,95.6,2.2,,,APOC3,EP4744669,EP4744669NWA2_table_06_T6_in_vitro_tables.csv
AD-64793,GfscsUfuAfaAfaGfGfGfaCfaGfuAfuUfcUfL96,PasGfsaAfuAfcUfgUfcccUfuUfuAfaGfcsasa,GCUUAAAAGGGACAGUAUUCU,AGAAUACUGUCCCUUUUAAGCAA,A-117361.24,A-129547.3,Hep3B,10.0,93.9,3.2,,,APOC3,EP4744669,EP4744669NWA2_table_06_T6_in_vitro_tables.csv
AD-64799,Y44GfscsUfuAfaAfaGfGfGfaCfaGfuAfuUfcUfL96,asGfsaAfuAfcUfgUfcccUfuUfuAfaGfcsasa,GCUUAAAAGGGACAGUAUUCU,AGAAUACUGUCCCUUUUAAGCAA,A-129548.3,A-129546.18,Hep3B,10.0,94.0,3.3,,,APOC3,EP4744669,EP4744669NWA2_table_06_T6_in_vitro_tables.csv
AD-64787,GfscsUfuAfaAfaGfUfUfaCfaGfuAfuUfcUtL96,asGfsaAfuAfcUfgUfcccUfuUfuAfaGfcsasa,GCUUAAAAGGGACAGUAUUCU,AGAAUACUGUCCCUUUUAAGCAA,A-117361.23,A-129546.17,Hep3B,10.0,91.8,3.8,,,APOC3,EP4744669,EP4744669NWA2_table_06_T6_in_vitro_tables.csv
AD-64813,GfscsUfuAfaAfaGfGfGfaCfaGfuAfuUfcUfL96,asGfsaauAfcUfgucccUfuuuaagesasa,GCUUAAAAGGGACAGUAUUCU,AGAAUACUGUCCCUUUUAAGCAA,A-117361.27,A-129565.2,Hep3B,10.0,90.9,4.9,,,APOC3,EP4744669,EP4744669NWA2_table_06_T6_in_vitro_tables.csv
AD-64794,gscsunaanaggdGacau(Agn)uucuL96,asGfsaAfuAfcUfgUfcccUfuUfuAfaGfcsasa,GCUUAAAAGGGACAGUAUUCU,AGAAUACUGUCCCUUUUAAGCAA,A-129554.4,A-129546.24,Hep3B,10.0,91.3,2.1,,,APOC3,EP4744669,EP4744669NWA2_table_06_T6_in_vitro_tables.csv
AD-64824,gscsunaanaggdGdAcagudTuucuL96,asGfsaAfuAfcUfgUfcccUfuUfuAfaGfcsasa,GCUUAAAAGGGACAGUTUUCU,AGAAUACUGUCCCUUUUAAGCAA,A-129559.2,A-129546.29,Hep3B,10.0,90.4,2.2,,,APOC3,EP4744669,EP4744669NWA2_table_06_T6_in_vitro_tables.csv
AD-64825,GfscsUfuAfaAfaGfGfGfaCfaGfuAfuUfcUfL96,asGfsaauacugucccUfuuuaagcsasa,GCUUAAAAGGGACAGUAUUCU,AGAAUACUGUCCCUUUUAAGCAA,A-117361.29,A-129567.2,Hep3B,10.0,87.3,8.9,,,APOC3,EP4744669,EP4744669NWA2_table_06_T6_in_vitro_tables.csv
AD-64819,GfscsUfuAfaAfaGfGfGfaCfaGfuAfuUfcUfL96,asGfsaauAfcugucccUfuUfuaagcsasa,GCUUAAAAGGGACAGUAUUCU,AGAAUACUGUCCCUUUUAAGCAA,A-117361.28,A-129566.3,Hep3B,10.0,87.8,5.1,,,APOC3,EP4744669,EP4744669NWA2_table_06_T6_in_vitro_tables.csv
AD-64828,gscsuuaaaaugdGacaguauucuL96,asGfsaAfuAfcUfgUfcccUfuUfuAfaGfcsasa,GCUUAAAAUGGACAGUAUUCU,AGAAUACUGUCCCUUUUAAGCAA,A-129552.2,A-129546.22,Hep3B,10.0,83.1,6.5,,,APOC3,EP4744669,EP4744669NWA2_table_06_T6_in_vitro_tables.csv
AD-64789,gscsuuaaaaggdGacagacuucuL96,asGfsaAfuAfcUfgUfcccUfuUfuAfaGfcsasa,GCUUAAAAGGGACAGUCUUCU,AGAAUACUGUCCCUUUUAAGCAA,A-129561.2,A-129546.31,Hep3B,10.0,78.2,6.1,,,APOC3,EP4744669,EP4744669NWA2_table_06_T6_in_vitro_tables.csv
AD-64807,GfscsUfuAfaAfaGfGfGfaCfaGfuAfuUfcUfL96,asGfsaauAfcUfGfucccUfuUfuaagcsasa,GCUUAAAAGGGACAGUAUUCU,AGAAUACUGUCCCUUUUAAGCAA,A-117361.26,A-129564.3,Hep3B,10.0,80.0,9.8,,,APOC3,EP4744669,EP4744669NWA2_table_06_T6_in_vitro_tables.csv
AD-64812,gscsuuaaaaggdGacagudTuucuL96,asGfsaAfuAfcUfgUfcccUfuUfuAfaGfcsasa,GCUUAAAAGGGACAGUTUUCU,AGAAUACUGUCCCUUUUAAGCAA,A-129557.4,A-129546.27,Hep3B,10.0,81.8,6.1,,,APOC3,EP4744669,EP4744669NWA2_table_06_T6_in_vitro_tables.csv
AD-64795,gscsuuaaaaggdGacaguuuucuL96,asGfsaAfuAfcUfgUfcccUfuUfuAfaGfcsasa,GCUUAAAAGGGACAGUUUUCU,AGAAUACUGUCCCUUUUAAGCAA,A-129562.2,A-129546.32,Hep3B,10.0,80.1,6.3,,,APOC3,EP4744669,EP4744669NWA2_table_06_T6_in_vitro_tables.csv
AD-64804,gscsunaaaaggdGacagu(Agn)uucuL96,asdGsaaudAcugucccdTuuuaagcsasa,GCUUAAAAGGGACAGUAUUCU,AGAAUACUGUCCCTUUUAAGCAA,A-129554.6,A-129572.6,Hep3B,10.0,82.0,6.0,,,APOC3,EP4744669,EP4744669NWA2_table_06_T6_in_vitro_tables.csv
AD-64827,gscsuuaaAfagGfGfacaguauucuL96,asGfsaauAfcugucccUfuUfuaagcsasa,GCUUAAAAGGGACAGUAUUCU,AGAAUACUGUCCCUUUUAAGCAA,A-129550.8,A-129566.4,Hep3B,10.0,82.7,8.8,,,APOC3,EP4744669,EP4744669NWA2_table_06_T6_in_vitro_tables.csv
AD-64788,gscsunaaaaggdGacag(Tgn)auncuL96,asGfsaAfuAfcUfgUfcccUfuUfuAfaGfcsasa,GCUUAAAAGGGACAGTAUUCU,AGAAUACUGUCCCUUUUAAGCAA,A-129553.5,A-129546.23,Hep3B,10.0,84.1,3.4,,,APOC3,EP4744669,EP4744669NWA2_table_06_T6_in_vitro_tables.csv
AD-64832,gscsuuaaaaggdGacagu(Agn)uucuL96,asdGaauacugdTcccdTuuuaagcsasa,GCUUAAAAGGGACAGUAUUCU,AGAAUACUGTCCCTUUUAAGCAA,A-129554.5,A-129571.6,Hep3B,10.0,81.0,6.8,,,APOC3,EP4744669,EP4744669NWA2_table_06_T6_in_vitro_tables.csv
AD-64792,gscsuuaaaaggdGacag(Tgn)auucuL96,asdGsaauacugdTcccdTuuuaagcsasa,GCUUAAAAGGGACAGTAUUCU,AGAAUACUGTCCCTUUUAAGCAA,A-129553.6,A-129571.7,Hep3B,10.0,75.4,7.6,,,APOC3,EP4744669,EP4744669NWA2_table_06_T6_in_vitro_tables.csv
AD-64831,GfscsUfuAfaAfaGfGfGfaCfaGfuAfuUfcUfIL96,asdGsaauacugdTcccUuuuaagcsasa,GCUUAAAAGGGACAGUAUUCU,AGAAUACUGTCCCUUUUAAGCAA,A-117361.38,A-129576.2,Hep3B,10.0,79.3,4.2,,,APOC3,EP4744669,EP4744669NWA2_table_06_T6_in_vitro_tables.csv
AD-64820,GfscsUfuAfaAfaGfGfGfaCfaGfuAfuUfcUfL96,asdGsanudAcdTguccedTuuuaagcsasa,GCUUAAAAGGGACAGUAUUCU,AGAAUACTGUCCCTUUUAAGCAA,A-117361.36,A-129574.2,Hep3B,10.0,80.4,7.7,,,APOC3,EP4744669,EP4744669NWA2_table_06_T6_in_vitro_tables.csv
AD-64816,gscsuuaaaaggdGacagudTuucuL96,asdGsaaudAcugucccdTuuuaagcsasa,GCUUAAAAGGGACAGUTUUCU,AGAAUACUGUCCCTUUUAAGCAA,A-129557.6,A-129572.8,Hep3B,10.0,73.3,6.1,,,APOC3,EP4744669,EP4744669NWA2_table_06_T6_in_vitro_tables.csv
AD-64811,gscsuuAfaAfagGfGfacaguauucuL96,asGfsaAfuAfcUfgUfcccUfuUfuAfaGfcsasa,GCUUAAAAGGGACAGUAUUCU,AGAAUACUGUCCCUUUUAAGCAA,A-129549.2,A-129546.19,Hep3B,10.0,84.6,4.2,,,APOC3,EP4744669,EP4744669NWA2_table_06_T6_in_vitro_tables.csv
AD-64821,gscsunaaAfagGfGfacaguauncuL96,asGfsaauAfcUfGfucccUfuUfuaagcsasa,GCUUAAAAGGGACAGUAUUCU,AGAAUACUGUCCCUUUUAAGCAA,A-129550.7,A-129564.4,Hep3B,10.0,81.3,4.6,,,APOC3,EP4744669,EP4744669NWA2_table_06_T6_in_vitro_tables.csv
AD-64808,GfscsUfuAfaAfaGfGfGfaCfaGfuAfuUfcUfL96,asdGsaaudAcugucccdTuuuaagcsasa,GCUUAAAAGGGACAGUAUUCU,AGAAUACUGUCCCTUUUAAGCAA,A-117361.34,A-129572.5,Hep3B,10.0,72.4,12.0,,,APOC3,EP4744669,EP4744669NWA2_table_06_T6_in_vitro_tables.csv
AD-64810,gscsuuaaaaggdGacag(Tgn)auucuL96,asdGsaaudAcuguccdTuuuaagcsasa,GCUUAAAAGGGACAGTAUUCU,AGAAUACUGUCCCTUUUAAGCAA,A-129553.7,A-129572.7,Hep3B,10.0,69.2,10.1,,,APOC3,EP4744669,EP4744669NWA2_table_06_T6_in_vitro_tables.csv
AD-64817,gscsuuaaAfagGfGfacaguauucuL96,asGfsaAfuAfcUfgUfcccUfuUfuAfaGfcsasa,GCUUAAAAGGGACAGUAUUCU,AGAAUACUGUCCCUUUUAAGCAA,A-129550.5,A-129546.20,Hep3B,10.0,80.0,9.1,,,APOC3,EP4744669,EP4744669NWA2_table_06_T6_in_vitro_tables.csv
AD-64797,GfscsUfuAfaAfaGfGfGfaCfaGfuAfuUfcUfL96,asGsaaudAcugucccUuuuaagcsasa,GCUUAAAAGGGACAGUAUUCU,AGAAUACUGUCCCUUUUAAGCAA,A-117361.40,A-129578.2,Hep3B,10.0,73.9,3.2,,,APOC3,EP4744669,EP4744669NWA2_table_06_T6_in_vitro_tables.csv
AD-64829,gscsuuaaaaggdGacaguguncuL96,asGfsaAfuAfcUfgUfcccUfuUfuAfaGfcsasa,GCUUAAAAGGGACAGUGUUCU,AGAAUACUGUCCCUUUUAAGCAA,A-129560.2,A-129546.30,Hep3B,10.0,74.5,10.3,,,APOC3,EP4744669,EP4744669NWA2_table_06_T6_in_vitro_tables.csv
AD-64802,GfscsUfuAfaAfaGfGfGfaCfaGfuAfuUfcUfL96,asdGsaauacugdTcccdTuuuaagcsasa,GCUUAAAAGGGACAGUAUUCU,AGAAUACUGTCCCTUUUAAGCAA,A-117361.33,A-129571.5,Hep3B,10.0,65.8,11.0,,,APOC3,EP4744669,EP4744669NWA2_table_06_T6_in_vitro_tables.csv
AD-64798,gscsuuaaaaggdGacagudTuucuL96,asdGsaauacugdTcccdTuuuaagcsasa,GCUUAAAAGGGACAGUTUUCU,AGAAUACUGTCCCTUUUAAGCAA,A-129557.5,A-129571.8,Hep3B,10.0,65.5,18.0,,,APOC3,EP4744669,EP4744669NWA2_table_06_T6_in_vitro_tables.csv
AD-64815,gscsuuaaAfagGfGfacaguauucuL96,asGfsaauAfcugUfcccUfuUfuaagcsasa,GCUUAAAAGGGACAGUAUUCU,AGAAUACUGUCCCUUUUAAGCAA,A-129550.6,A-129581.2,Hep3B,10.0,70.7,6.0,,,APOC3,EP4744669,EP4744669NWA2_table_06_T6_in_vitro_tables.csv
AD-64791,GfscsUfuAfaAfaGfUfUfaCfaGfuAfuUfcUfL96,asGsaauacugdTcccUuuuaagcsasa,GCUUAAAAGGGACAGUAUUCU,AGAAUACUGTCCCUUUUAAGCAA,A-117361.39,A-129577.2,Hep3B,10.0,61.4,7.6,,,APOC3,EP4744669,EP4744669NWA2_table_06_T6_in_vitro_tables.csv
AD-64814,GfscsUfuAfaAfaGfGfGfaCfaGfuAfuUfcUfL96,asdGsaauacugucccdTudTunagcsasa,GCUUAAAAGGGACAGUAUUCU,AGAAUACUGUCCCTUTUAAGCAA,A-117361.35,A-129573.2,Hep3B,10.0,64.3,14.9,,,APOC3,EP4744669,EP4744669NWA2_table_06_T6_in_vitro_tables.csv
AD-64800,gscsuuaaaaggdGacagua(Tgn)ucuL96,asGfsaAfuAfcUfgUfcccUfuUfuAfaGfcsasa,GCUUAAAAGGGACAGUATUCU,AGAAUACUGUCCCUUUUAAGCAA,A-129555.2,A-129546.25,Hep3B,10.0,62.1,10.2,,,APOC3,EP4744669,EP4744669NWA2_table_06_T6_in_vitro_tables.csv
AD-64823,gscsuuaaaaggdGacaguauucuL96,asGfsaAfuAfcUfgUfcccUfuUfuAfaGfcsasa,GCUUAAAAGGGACAGUAUUCU,AGAAUACUGUCCCUUUUAAGCAA,A-129551.2,A-129546.21,Hep3B,10.0,66.9,7.7,,,APOC3,EP4744669,EP4744669NWA2_table_06_T6_in_vitro_tables.csv
AD-64818,gscsuuaaaaggdGdAcagudAuucuL96,asGfsaAfuAfcUfgUfcccUfuUfuAfaGfcsasa,GCUUAAAAGGGACAGUAUUCU,AGAAUACUGUCCCUUUUAAGCAA,A-129558.2,A-129546.28,Hep3B,10.0,58.7,8.0,,,APOC3,EP4744669,EP4744669NWA2_table_06_T6_in_vitro_tables.csv
AD-64806,gscsuuaaaaggdGacagudAuucuL96,asGfsaAfuAfcUfgUfcccUfuUfuAfaGfcsasa,GCUUAAAAGGGACAGUAUUCU,AGAAUACUGUCCCUUUUAAGCAA,A-129556.2,A-129546.26,Hep3B,10.0,47.9,13.8,,,APOC3,EP4744669,EP4744669NWA2_table_06_T6_in_vitro_tables.csv
AD-64809,GfscsUfuAfaAfaGfGfGfaCfaGfuAfuUfcUfL96,PasgsaauacugdTcccdTuuuaagcsasa,GCUUAAAAGGGACAGUAUUCU,AGAAUACUGTCCCTUUUAAGCAA,A-117361.42,A-129580.3,Hep3B,10.0,15.3,16.3,,,APOC3,EP4744669,EP4744669NWA2_table_06_T6_in_vitro_tables.csv
AD-64822,gscsunaaaaggdGacag(Tgn)auncuL96,PasgsaauacugdTcccdTuuuaagcssasa,GCUUAAAAGGGACAGTAUUCU,AGAAUACUGTCCCTUUUAAGCAA,A-129553.8,A-129580.4,Hep3B,10.0,2.0,26.0,,,APOC3,EP4744669,EP4744669NWA2_table_06_T6_in_vitro_tables.csv
AD-64796,GfscsUfuAfaAfaGfGfGfaCfaGfuAfuUfcUfL96,asgsaaudAcugucccdTuuuaagcsasa,GCUUAAAAGGGACAGUAUUCU,AGAAUACUGUCCCTUUUAAGCAA,A-117361.32,A-129570.2,Hep3B,10.0,-3.4,20.8,,,APOC3,EP4744669,EP4744669NWA2_table_06_T6_in_vitro_tables.csv
AD-64790,GfscsUfuAfaAfaGfGfGfaCfaGfuAfuUfcUfL96,asgsaauacugdTcccdTuuuaagcsasa,GCUUAAAAGGGACAGUAUUCU,AGAAUACUGTCCCTUUUAAGCAA,A-117361.31,A-129569.2,Hep3B,10.0,-31.8,46.9,,,APOC3,EP4744669,EP4744669NWA2_table_06_T6_in_vitro_tables.csv
AD-57517,GfcUfuAfaAfaGfGfGfaCfaGfuAfuUfcUfL96,aGfaAfuAfcUfgUfcccUfuUfuAfaGfcsAfsa,GCUUAAAAGGGACAGUAUUCU,AGAAUACUGUCCCUUUUAAGCAA,A-117289.1,A-117290.1,Hep3B,0.1,96.1,3.2,,,APOC3,EP4744669,EP4744669NWA2_table_06_T6_in_vitro_tables.csv
AD-57544,UfsusGfcUfuAfaAfAfGfgGfaCfaGfuAfuUfL96,asAfsuAfcUfcUfcCfcuuUfuAfaGfcAfasCfsc,UUGCUUAAAAGGGACAGUAUU,AAUACUGUCCCUUUUAAGCAACC,A-117357.1,A-117358.1,Hep3B,0.1,81.8,14.2,,,APOC3,EP4744669,EP4744669NWA2_table_06_T6_in_vitro_tables.csv
AD-57515,GfuUfgCfuUfaAfAfAfgGfgAfcAfgUfaUfL96,aUfaCfuGfuCfcCfuuuUfaAfgCfaAfcsCfsu,GUUGCUUAAAAGGGACAGUAU,AUACUGUCCCUUUUAAGCAACCU,A-117257.1,A-117258.1,Hep3B,0.1,92.6,6.0,,,APOC3,EP4744669,EP4744669NWA2_table_06_T6_in_vitro_tables.csv
AD-57551,GfsusUfgCfuUfaAfAfAfgGfgAfcAfgUfaUfL96,asUfsaCfuGfuCfcCfuuuUfaAfgCfaAfcsCfsu,GUUGCUUAAAAGGGACAGUAU,AUACUGUCCCUUUUAAGCAACCU,A-117329.1,A-117330.1,Hep3B,0.1,80.6,14.8,,,APOC3,EP4744669,EP4744669NWA2_table_06_T6_in_vitro_tables.csv
AD-57553,GfscsUfuAfaAfaGfUfUfaCfaGfuAfuUfcUfL96,asGfsaAfuAfcUfgUfcccUfuUfuAfaGfcsAfsa,GCUUAAAAGGGACAGUAUUCU,AGAAUACUGUCCCUUUUAAGCAA,A-117361.1,A-117362.1,Hep3B,0.1,88.8,10.7,,,APOC3,EP4744669,EP4744669NWA2_table_06_T6_in_vitro_tables.csv
AD-57498,GfaGfcAfcCfgUfUfAfaGfgAfcAfaGfuUfL96,aAfcUfuGfuCfcUfuaaCfgGfuGfcUfcsCfsa,GAGCACCGUUAAGGACAAGUU,AACUUGUCCUUAACGGUGCUCCA,A-117281.1,A-117282.1,Hep3B,0.1,80.7,16.0,,,APOC3,EP4744669,EP4744669NWA2_table_06_T6_in_vitro_tables.csv
AD-57508,UfuGfcUfuAfaAfAfGfgGfaCfaGfuAfuUfL96,aAfuAfcUfgUfcCfcuuUfuAfaGfcAfasCfsc,UUGCUUAAAAGGGACAGUAUU,AAUACUGUCCCUUUUAAGCAACC,A-117285.1,A-117286.1,Hep3B,0.1,88.2,7.8,,,APOC3,EP4744669,EP4744669NWA2_table_06_T6_in_vitro_tables.csv
AD-57523,GfcCfuGfaGfaCfCfUfcAfaUfaCfcCfcAfL96,uGfgGfgUfaUfuGfaggUfcUfcAfgGfcsAfsg,GCCUGAGACCUCAAUACCCCA,UGGGGUAUUGAGGUCUCAGGCAG,A-117261.1,A-117262.1,Hep3B,0.1,60.3,20.8,,,APOC3,EP4744669,EP4744669NWA2_table_06_T6_in_vitro_tables.csv
AD-57519,GfcCTcCfuGfuAfGfGfuUfgMUfaAfaAM96,uUfuUfaAfgCfaAfccuAfcAfgGfgGfcsAfsg,GCCCCUGUAGGUUGCUUAAAA,UUUUAAGCAACCUACAGGGGCAG,A-117259.1,A-117260.1,Hep3B,0.1,70.5,17.9,,,APOC3,EP4744669,EP4744669NWA2_table_06_T6_in_vitro_tables.csv
AD-57561,CfsusAfcUfgGfaGfCfAfcCTgUfuAfaGfgAfl96,usCfscUfuAfaCfgGfugcUfcCfaGfuAfgsUfsc,CUACUGGAGCACCGUUAAGGA,UCCUUAACGGUGCUCCAGUAGUC,A-117365.1,A-117366.1,Hep3B,0.1,49.3,31.0,,,APOC3,EP4744669,EP4744669NWA2_table_06_T6_in_vitro_tables.csv
AD-57502,GfaCfcUfcAfaUfAfCfcCfcAfaGfuCfcAfL96,uGfgAfcUfuGfgGfguaUfuGfaGfgUfcsUfsc,GACCUCAAUACCCCAAGUCCA,UGGACUUGGGGUAUUGAGGUCUC,A-117267.1,A-117268.1,Hep3B,0.1,72.8,14.6,,,APOC3,EP4744669,EP4744669NWA2_table_06_T6_in_vitro_tables.csv
AD-57547,AfspsAfcUfaCfuGfGfAfgCfaCfcGfuUfaAfL96,usUfsaAfcGfgUfgCfuccAfgUfaGfuCfusUfsu,AGACUACUGGAGCACCGUUAA,UUAACGGUGCUCCAGUAGUCUUU,A-117327.1,A-117328.1,Hep3B,0.1,60.6,21.9,,,APOC3,EP4744669,EP4744669NWA2_table_06_T6_in_vitro_tables.csv
AD-57511,AfgAfcUfaCfuGfGfAfgCfaCfcGfuUfaAfL96,uUfaAfcGfgUfgCfuccAfgUfaGfuCfusUfsu,AGACUACUGGAGCACCGUUAA,UUAACGGUGCUCCAGUAGUCUUU,A-117255.1,A-117256.1,Hep3B,0.1,69.0,19.6,,,APOC3,EP4744669,EP4744669NWA2_table_06_T6_in_vitro_tables.csv
AD-57493,CfuGfuAfgGfuUfGfCfuUfaAfaAfgGfgAfL96,uCfcCfuUfuUfaAfgcaAfcCTuAfcAfgsGfsg,CUGUAGGUUGCUUAAAAGGGA,UCCCUUUUAAGCAACCUACAGGG,A-117279.1,A-117280.1,Hep3B,0.1,58.0,22.1,,,APOC3,EP4744669,EP4744669NWA2_table_06_T6_in_vitro_tables.csv
AD-57555,GfscsCfcCfuGfuAfGfGfuUfgCfuUfaAfaAFL96,usUfsuUfaAfgCfaAfccuAfcAfgGfgGfcsAfsg,GCCCCUGUAGGUUGCUUAAAA,UUUUAAGCAACCUACAGGGGCAG,A-117331.1,A-117332.1,Hep3B,0.1,58.0,25.3,,,APOC3,EP4744669,EP4744669NWA2_table_06_T6_in_vitro_tables.csv
AD-57503,CfuGfgAfgCfaCfCfGfuUfaAfgGfaCfaAfL96,uUfgUfcCfuUfaAfcggUfgCluCfcAfgsUfsa,CUGGAGCACCGUUAAGGACAA,UUGUCCUUAACGGUGCUCCAGUA,A-117283.1,A-117284.1,Hep3B,0.1,63.1,23.5,,,APOC3,EP4744669,EP4744669NWA2_table_06_T6_in_vitro_tables.csv
AD-57496,CfcGfaUfgGfcUfUfCfaGfuUfcCfcUfgAfL96,uCfaGfgGfaAfcUfgaaGfcCfaUfcGfgsUfsc,CCGAUGGCUUCAGUUCCCUGA,UCAGGGAACUGAAGCCAUCGGUC,A-117249.1,A-117250.1,Hep3B,0.1,43.7,20.9,,,APOC3,EP4744669,EP4744669NWA2_table_06_T6_in_vitro_tables.csv
AD-57559,GfscsCfuGfaGfaCfCfUfcAfaUfaCfcCfcAfL96,usGfsgGfeUfaUfuGfaggUfcUfcAfgGlcsAfsg,GCCUGAGACCUCAAUACCCCA,UGGGGUAUUGAGGUCUCAGGCAG,A-117333.1,A-117334.1,Hep3B,0.1,33.9,37.5,,,APOC3,EP4744669,EP4744669NWA2_table_06_T6_in_vitro_tables.csv
AD-57513,UfgCfcCfcUfgUfAfGfgUfuGfcUfuAfaAfL96,uUfuAfaGfcAfaCfcuaCfaGfgGfgCfasGfsc,UGCCCCUGUAGGUUGCUUAAA,UUUAAGCAACCUACAGGGGCAGC,A-117287.1,A-117288.1,Hep3B,0.1,53.3,31.5,,,APOC3,EP4744669,EP4744669NWA2_table_06_T6_in_vitro_tables.csv
AD-57534,GfsasGfcAfcCfgUfUfAfaGfgAfcAfaGfuUfL96,asAfscUfuGfuCfcUfuaaCfgGfuGfcUfcsCfsa,GAGCACCGUUAAGGACAAGUU,AACUUGUCCUUAACGGUGCUCCA,A-117353.1,A-117354.1,Hep3B,0.1,53.5,23.7,,,APOC3,EP4744669,EP4744669NWA2_table_06_T6_in_vitro_tables.csv
AD-57491,CfgAfuGfgCfuUfCfAfgUfuCfcCfuGfaAfL96,uUfcAfgGfgAfaCfugaAfgCfcAfuCfgsGfsu,CGAUGGCUUCAGUUCCCUGAA,UUCAGGGAACUGAAGCCAUCGGU,A-117247.1,A-117248.1,Hep3B,0.1,64.4,14.6,,,APOC3,EP4744669,EP4744669NWA2_table_06_T6_in_vitro_tables.csv
AD-57512,CfaAfgAfcCfgCfCfAfaGfgAfuGfcAfcUfL96,aGfuGfcAfuCfcUfuggCfgGfuCfuUfgsGfsu,CAAGACCGCCAAGGAUGCACU,AGUGCAUCCUUGGCGGUCUUGGU,A-117271.1,A-117272.1,Hep3B,0.1,52.0,29.6,,,APOC3,EP4744669,EP4744669NWA2_table_06_T6_in_vitro_tables.csv
AD-57525,CfuAfcUfgGfaGfCfAfcCfgUfuAfaGfgAEL96,uCfcUfuAfaCfgGfugcUfcCfaGfuAfgsUfsc,CUACUGGAGCACCGUUAAGGA,UCCUUAACGGUGCUCCAGUAGUC,A-117293.1,A-117294.1,Hep3B,0.1,75.3,14.7,,,APOC3,EP4744669,EP4744669NWA2_table_06_T6_in_vitro_tables.csv
AD-57539,CfsusGfgAfgCfaCfCfGfuUfaAfgGfaCfaAfL96,usUfsgUfcCfuUfaAfcggUfgCfuCfcAfgsUfsa,CUGGAGCACCGUUAAGGACAA,UUGUCCUUAACGGUGCUCCAGUA,A-117355.1,A-117356.1,Hep3B,0.1,45.2,21.0,,,APOC3,EP4744669,EP4744669NWA2_table_06_T6_in_vitro_tables.csv
AD-57538,GfsasCfcUfcAfaUfAfCfcCfcAfaGfuCfcAfL96,usGfsgAfcUfuGfgGfguaUfuGfaGfgUfcsUfsc,GACCUCAAUACCCCAAGUCCA,UGGACUUGGGGUAUUGAGGUCUC,A-117339.1,A-117340.1,Hep3B,0.1,42.2,26.3,,,APOC3,EP4744669,EP4744669NWA2_table_06_T6_in_vitro_tables.csv
AD-57529,CfsusGfuAfgGfuUfGfCfuUfaAfaAfgGfgAfL96,usCfscCfuUfuUfaAfgcaAfcCfuAfcAfgsGfsg,CUGUAGGUUGCUUAAAAGGGA,UCCCUUUUAAGCAACCUACAGGG,A-117351.1,A-117352.1,Hep3B,0.1,37.7,29.7,,,APOC3,EP4744669,EP4744669NWA2_table_06_T6_in_vitro_tables.csv
AD-57527,CfsgsAfuGfgCfuUfCfAfgUfuCfcCfuGfaAfL96,usUfscAfgGfgAfaCfugaAfgCfcAfuCfgsGfsu,CGAUGGCUUCAGUUCCCUGAA,UUCAGGGAACUGAAGCCAUCGGU,A-117319.1,A-117320.1,Hep3B,0.1,44.6,29.8,,,APOC3,EP4744669,EP4744669NWA2_table_06_T6_in_vitro_tables.csv
AD-57521,GfuAfgGfuUfgCfUfUfaAfaAfgGfgAfcAfL96,uGfuCfcCfuUfuUfaagCfaAfcCfuAfcsAfsg,GUAGGUUGCUUAAAAGGGACA,UGUCCCUUUUAAGCAACCUACAG,A-117291.1,A-117292.1,Hep3B,0.1,57.8,22.2,,,APOC3,EP4744669,EP4744669NWA2_table_06_T6_in_vitro_tables.csv
AD-57501,AfcCfaAfgAfcCfGfCfcAfaGfgAfuGfcAfL96,uGfcAfuCfcUfuGfgcgGfuCfuUfgGfusGfsg,ACCAAGACCGCCAAGGAUGCA,UGCAUCCUUGGCGGUCUUGGUGG,A-117251.1,A-117252.1,Hep3B,0.1,33.4,25.3,,,APOC3,EP4744669,EP4744669NWA2_table_06_T6_in_vitro_tables.csv
AD-57548,CfsasAfgAfcCfgCfCfAfaGfgAfuGfcAfcUfL96,asGfsuGfcAfuCfcUfuggCfgGfuCfuUfgsGfsu,CAAGACCGCCAAGGAUGCACU,AGUGCAUCCUUGGCGGUCUUGGU,A-117343.1,A-117344.1,Hep3B,0.1,37.0,27.2,,,APOC3,EP4744669,EP4744669NWA2_table_06_T6_in_vitro_tables.csv
AD-57516,GfcUfgCfcCfcUfGfUfaGfgUfuGfcUfuAfL96,uAfaGfcAfaCfcUfacaGfgGfgCfaGfcsCfsc,GCUGCCCCUGUAGGUUGCUUA,UAAGCAACCUACAGGGGCAGCCC,A-117273.1,A-117274.1,Hep3B,0.1,44.8,29.8,,,APOC3,EP4744669,EP4744669NWA2_table_06_T6_in_vitro_tables.csv
AD-57533,GfspsAfgCfaCfcGfUfUfaAfgGfaCfaAfgUfL96,asCfsuUfgUfcCfuUfaacGfgUfgCfuCfcsAfsg,GGAGCACCGUUAAGGACAAGU,ACUUGUCCUUAACGGUGCUCCAG,A-117337.1,A-117338.1,Hep3B,0.1,41.1,29.8,,,APOC3,EP4744669,EP4744669NWA2_table_06_T6_in_vitro_tables.csv
AD-57532,CfscsGfaUfgGfcUfUfCfaGfuUfcCfcUfgAfL96,usCfsaGfgGfaAfcUfgaaGfcCfaUfcGfgsUfsc,CCGAUGGCUUCAGUUCCCUGA,UCAGGGAACUGAAGCCAUCGGUC,A-117321.1,A-117322.1,Hep3B,0.1,37.8,18.0,,,APOC3,EP4744669,EP4744669NWA2_table_06_T6_in_vitro_tables.csv
AD-57497,GfgAfgCfaCfcGfUfUfaAfgGfaCfaAfgUfL96,aCfuUfgUfcCfuUfaacGfgUfgCTuCfcsAfsg,GGAGCACCGUUAAGGACAAGU,ACUUGUCCUUAACGGUGCUCCAG,A-117265.1,A-117266.1,Hep3B,0.1,42.8,31.2,,,APOC3,EP4744669,EP4744669NWA2_table_06_T6_in_vitro_tables.csv
AD-57549,UfsgsCfcCfcUfgUfAfGfgUfuGfcUfuAfaAfL96,usUfsuAfaGfcAfaCfcuaCfaGfgGfgCfasGfsc,UGCCCCUGUAGGUUGCUUAAA,UUUAAGCAACCUACAGGGGCAGC,A-117359.1,A-117360.1,Hep3B,0.1,42.8,34.2,,,APOC3,EP4744669,EP4744669NWA2_table_06_T6_in_vitro_tables.csv
AD-57506,GfuGfgCfuGfcCfUfGfaGfaCfcUfcAfaUEL96,aUfuGfaGfgUfcUfcagGfcAfgCfcAfcsGfsg,GUGGCUGCCUGAGACCUCAAU,AUUGAGGUCUCAGGCAGCCACGG,A-117253.1,A-117254.1,Hep3B,0.1,44.5,30.7,,,APOC3,EP4744669,EP4744669NWA2_table_06_T6_in_vitro_tables.csv
AD-57557,GfsusAfgGfuUfgCfUfUfaAfaAfgGfgAfcAfL96,usGfsuCfcCfuUfuUfaagCfaAfcCfuAfcsAfsg,GUAGGUUGCUUAAAAGGGACA,UGUCCCUUUUAAGCAACCUACAG,A-117363.1,A-117364.1,Hep3B,0.1,37.1,27.7,,,APOC3,EP4744669,EP4744669NWA2_table_06_T6_in_vitro_tables.csv
AD-57520,AfcUfgGfaGfcAfCfCfgUfuAfaGfgAfcAfL96,uGfuCfcUfuAfaCfgguGfcUfcCfaGfusAfsg,ACUGGAGCACCGUUAAGGACA,UGUCCUUAACGGUGCUCCAGUAG,A-117275.1,A-117276.1,Hep3B,0.1,47.3,26.5,,,APOC3,EP4744669,EP4744669NWA2_table_06_T6_in_vitro_tables.csv
AD-57556,AfscsUfgGfaGfcAfCfCfgUfuAfaGfgAfcAEL96,usGfsuCfcUfuAfaCfgguGfcUfcCfaGfusAfsg,ACUGGAGCACCGUUAAGGACA,UGUCCUUAACGGUGCUCCAGUAG,A-117347.1,A-117348.1,Hep3B,0.1,40.1,25.7,,,APOC3,EP4744669,EP4744669NWA2_table_06_T6_in_vitro_tables.csv
AD-57505,CfcCfuGfaAfaGfGfCfuAfcUfgGfaGfcAfL96,uGfcUfcCfaGfuAfgccUfuUfcAfgGfgsAfsu,,,A-117315.1,A-117316.1,Hep3B,0.1,36.8,18.5,,,APOC3,EP4744669,EP4744669NWA2_table_06_T6_in_vitro_tables.csv
AD-57542,GfsusGfgCfuGfcCfUfGfaGfaCfcUfcAfaUfL96,asUfsuGfaGfgUfcUfcagGfcAfgCfcAfcsGfsg,GUGGCUGCCUGAGACCUCAAU,AUUGAGGUCUCAGGCAGCCACGG,A-117325.1,A-117326.1,Hep3B,0.1,40.0,24.4,,,APOC3,EP4744669,EP4744669NWA2_table_06_T6_in_vitro_tables.csv
AD-57552,GfscsUfgCfcCfcUfGfUfaGfgUfuGfcUfuAfL96,usAfsaGfcAfaCfcUfacaGfgGfgCfaGfcsCfsc,GCUGCCCCUGUAGGUUGCUUA,UAAGCAACCUACAGGGGCAGCCC,A-117345.1,A-117346.1,Hep3B,0.1,37.2,25.8,,,APOC3,EP4744669,EP4744669NWA2_table_06_T6_in_vitro_tables.csv
AD-57537,AfscsCfaAfgAfcCfGfCfcAfaGfgAfuGfcAEL96,usGfscAfuCfcUfuGfgcgGfuCfuUfgGfusGfsg,ACCAAGACCGCCAAGGAUGCA,UGCAUCCUUGGCGGUCUUGGUGG,A-117323.1,A-117324.1,Hep3B,0.1,38.3,22.4,,,APOC3,EP4744669,EP4744669NWA2_table_06_T6_in_vitro_tables.csv
AD-57541,CfscsCfuGfaAfaGfGfCfuAfcUfgGfaGfcAfL96,usGfscUfcCfaGfuAfgccUfuUfcAfgGfgsAfsu,,,A-117387.1,A-117388.1,Hep3B,0.1,27.5,26.0,,,APOC3,EP4744669,EP4744669NWA2_table_06_T6_in_vitro_tables.csv
AD-57495,UfgAfaAfgGfcUfAfCfuGfgAfgCfaAfgUfL96,aCfuUfgCfuCfcAfguaGfcCfuUfuCfasGfsg,,,A-117311.1,A-117312.1,Hep3B,0.1,31.5,27.7,,,APOC3,EP4744669,EP4744669NWA2_table_06_T6_in_vitro_tables.csv
AD-57507,CfcUfgAfgAfcCfUfCfaAfuAfcCfcCfaAfL96,uUfgGfgGfuAfuUfgagGfuCfuCfaGfgsCfsa,CCUGAGACCUCAAUACCCCAA,UUGGGGUAUUGAGGUCUCAGGCA,A-117269.1,A-117270.1,Hep3B,0.1,38.0,33.1,,,APOC3,EP4744669,EP4744669NWA2_table_06_T6_in_vitro_tables.csv
AD-57510,CfcUfgAfaAfgGfCfUfaCfuGfgAfgCfaAfL96,uUfgCfuCfcAfgUfagcCfuUfuCfaGfgsGfsa,,,A-117317.1,A-117318.1,Hep3B,0.1,37.8,25.1,,,APOC3,EP4744669,EP4744669NWA2_table_06_T6_in_vitro_tables.csv
AD-57522,CfuAfcAfuGfgAfAfCfaAfgacUfcCfaAFL96,uUfegGfaGfgCluUfguuCfcAfuGfuAfgsCfsc,,,A-117307.1,A-117308.1,Hep3B,0.1,32.6,30.6,,,APOC3,EP4744669,EP4744669NWA2_table_06_T6_in_vitro_tables.csv
AD-57504,GfcUfaCfaUfgGfAfAfcAfaGfcCfuCfcAfL96,uGfgAfgGfcUfuGfuucCfaUfgUfaGfesCfsc,,,A-117299.1,A-117300.1,Hep3B,0.1,31.9,23.3,,,APOC3,EP4744669,EP4744669NWA2_table_06_T6_in_vitro_tables.csv
AD-57546,CfscsUfgAfaAfgGfCfUfaCfuGfgAfgCfaAfL96,usUfsgCfuCfcAfgUfagcCfuUfuCfaGfgsGfsa,,,A-117389.1,A-117390.1,Hep3B,0.1,30.2,30.4,,,APOC3,EP4744669,EP4744669NWA2_table_06_T6_in_vitro_tables.csv
AD-57543,CfscsUfgAfgAfcCfUfCfaAfuAfcCfcCfaAfL96,usUfsgGfeGfuAfuUfgagGfuCfuCfaGfgsCfsa,CCUGAGACCUCAAUACCCCAA,UUGGGGUAUUGAGGUCUCAGGCA,A-117341.1,A-117342.1,Hep3B,0.1,31.5,29.1,,,APOC3,EP4744669,EP4744669NWA2_table_06_T6_in_vitro_tables.csv
AD-57558,CfsusAfcAfuGfgAfAfCfaAfgCfcUfcCfaAfL96,usUfsgGfaGfgCfuUfguuCfcAfuGfuAfgsCfsc,,,A-117379.1,A-117380.1,Hep3B,0.1,31.7,27.2,,,APOC3,EP4744669,EP4744669NWA2_table_06_T6_in_vitro_tables.csv
AD-57545,AfscsAfaGfcCfuCfCfAfaGfaCfgGfuCfcAFL96,usGfsgAfcCfgUfcUfuggAfgGfcUfuGfusUfsc,,,A-117373.1,A-117374.1,Hep3B,0.1,33.6,24.4,,,APOC3,EP4744669,EP4744669NWA2_table_06_T6_in_vitro_tables.csv
AD-57509,AfcAfaGfcCfuCfCfAfaGfaCfutGfuCfcAtL96,uGfgAfcCfgUfcUfuggAfgGfcUfuGfusUfsc,,,A-117301.1,A-117302.1,Hep3B,0.1,28.8,31.0,,,APOC3,EP4744669,EP4744669NWA2_table_06_T6_in_vitro_tables.csv
AD-57514,GfaAfaGfgCfuAfCfUfgGfaGfcAfaGfuUfL96,aAfcUfuGfcUfcCfaguAfgCfcUfuUfcsAfsg,,,A-117303.1,A-117304.1,Hep3B,0.1,30.1,29.2,,,APOC3,EP4744669,EP4744669NWA2_table_06_T6_in_vitro_tables.csv
AD-57550,GfsasAfaGfgCfuAfCfUfgGfaGfcAfaGfuUfL96,asAfscUfuGfcUfcCfaguAfgCfcUfuUfcsAfsg,,,A-117375.1,A-117376.1,Hep3B,0.1,35.7,19.0,,,APOC3,EP4744669,EP4744669NWA2_table_06_T6_in_vitro_tables.csv
AD-57540,GfscsUfaCfaUfgGfAfAfcAfaGfcCfuCfcAfL96,usGfsgAfgGfcUfuGfuucCfaUfgUfaGfcsCfsc,,,A-117371.1,A-117372.1,Hep3B,0.1,32.7,27.7,,,APOC3,EP4744669,EP4744669NWA2_table_06_T6_in_vitro_tables.csv
AD-57500,AfcAfuGfgAfaCfAfAfgCfcUfcCfaAfgAfL96,uCfuUfgGfaGfgCfuugUfuCfcAfuGfusAfsg,,,A-117313.1,A-117314.1,Hep3B,0.1,26.7,31.3,,,APOC3,EP4744669,EP4744669NWA2_table_06_T6_in_vitro_tables.csv
AD-57499,GfcCfuCfcAfaGfAfCfgGfuCfcAfgGfaUfL96,aUfcCfuGfgAfcCfgucUfuGigAfgGfesUfsu,,,A-117297.1,A-117298.1,Hep3B,0.1,26.1,28.2,,,APOC3,EP4744669,EP4744669NWA2_table_06_T6_in_vitro_tables.csv
AD-57536,AfscsAfuGfgAfaCfAfAfCfcUfcCfaAfgAfL96,usCfsuUfgGfaGfgCfuugUfuCfcAfuGfusAfsg,,,A-117385.1,A-117386.1,Hep3B,0.1,24.4,35.8,,,APOC3,EP4744669,EP4744669NWA2_table_06_T6_in_vitro_tables.csv
AD-57554,GfsgsAfaCfaAfgCfCfUfcCfaAfgAfcGfgUfL96,asCfscGfuCfuUfgGfaggCfuUfgUfuCfcsAfsu,,,A-117377.1,A-117378.1,Hep3B,0.1,32.9,27.3,,,APOC3,EP4744669,EP4744669NWA2_table_06_T6_in_vitro_tables.csv
AD-57518,GfgAfaCfaAfgCfCfUfcCfaAfgAfcGfgUfL96,aCfcGfuCfuUfgGfaggCfuUfgUfuCfcsAfsu,,,A-117305.1,A-117306.1,Hep3B,0.1,32.0,21.7,,,APOC3,EP4744669,EP4744669NWA2_table_06_T6_in_vitro_tables.csv
AD-57526,GfgAfuCfcUfuGfCfUfgCfuGfpGfcUfcUfL96,aGfaGfcCfcAfgCfagcAfaGfgAfuCfcsCfsu,,,A-117309.1,A-117310.1,Hep3B,0.1,11.5,38.7,,,APOC3,EP4744669,EP4744669NWA2_table_06_T6_in_vitro_tables.csv
AD-57531,UfsgsAfaAfgGfcUfAfCfuGfgAfgCfaAfgUfL96,asCfsuUfgCfuCfcAfguaGfcCfuUfuCfasGfsg,,,A-117383.1,A-117384.1,Hep3B,0.1,26.4,30.1,,,APOC3,EP4744669,EP4744669NWA2_table_06_T6_in_vitro_tables.csv
AD-57535,GfscsCfuCfcAfaGfAfCfgGfuCfcAfgGfaUfL96,asUfscCfuGfgAfcCfgucUfuGfgAfgGfcsUfsu,,,A-117369.1,A-117370.1,Hep3B,0.1,28.0,32.7,,,APOC3,EP4744669,EP4744669NWA2_table_06_T6_in_vitro_tables.csv
AD-57562,GfsgsAfuCfcUfuGfCfUfgCfuGfgGfcUfcUfL96,asGfsaGfcCfcAfgCfagcAfaGfgAfuCfcsCfsu,,,A-117381.1,A-117382.1,Hep3B,0.1,18.8,38.6,,,APOC3,EP4744669,EP4744669NWA2_table_06_T6_in_vitro_tables.csv
AD-58925,AfsasGfgGfaCfaGfUfAfuUfcUfcAfgUfgCfL96,gsCfsaCfuGfaGfaAfuacUfgUfcCfcUfususu,AAGGGACAGUAUUCUCAGUGC,GCACUGAGAAUACUGUCCCUUUU,A-119694.1,A-119695.1,Hep3B,0.1,67.8,1.1,,,APOC3,EP4744669,EP4744669NWA2_table_06_T6_in_vitro_tables.csv
AD-58911,CfscsCfaAfuAfaAfGfCfuGfgAfcAfaGfaAfL96,usUfscUfuGfuCfcAfgcuUfuAfuUfgGfgsasg,CCCAAUAAAGCUGGACAAGAA,UUCUUGUCCAGCUUUAUUGGGAG,A-119667.1,A-119668.1,Hep3B,0.1,74.8,0.9,,,APOC3,EP4744669,EP4744669NWA2_table_06_T6_in_vitro_tables.csv
AD-58924,CfscsUfcCfcAfaUfAfAfaGfcUfgGfaCfaAfL96,usUfsgUfcCfaGfcUfuuaUfuGfgGfaGfgscsc,CCUCCCAAUAAAGCUGGACAA,UUGUCCAGCUUUAUUGGGAGGCC,A-119679.1,A-119680.1,Hep3B,0.1,73.1,2.3,,,APOC3,EP4744669,EP4744669NWA2_table_06_T6_in_vitro_tables.csv
AD-58933,CfscsUfaAfuAfaAfGfCfuGfgAfuAfaGfaAfL96,usUfscUfuAfuCfcAfgcuUfuAfuUfaGfgsgsa,,,A-119702.1,A-119703.1,Hep3B,0.1,56.2,1.1,,,APOC3,EP4744669,EP4744669NWA2_table_06_T6_in_vitro_tables.csv
AD-58922,UfscsCfcAfaUfaAfAfGfcUfgGfaCfaAfgAfL96,usCfsuUfgUfcCfaGfcuuUfaUfuGfgGfasgsg,UCCCAAUAAAGCUGGACAAGA,UCUUGUCCAGCUUUAUUGGGAGG,A-119677.1,A-119678.1,Hep3B,0.1,75.0,1.8,,,APOC3,EP4744669,EP4744669NWA2_table_06_T6_in_vitro_tables.csv
AD-58916,CfsusCfcCfaAfuATAfAfgCfuGfgAfcAfaGfL96,csUfsuGfuCfcAfgCfuuuAfuUfgGfgAfgsgsc,CUCCCAAUAAAGCUGGACAAG,CUUGUCCAGCUUUAUUGGGAGGC,A-119671.1,A-119672.1,Hep3B,0.1,42.4,0.5,,,APOC3,EP4744669,EP4744669NWA2_table_06_T6_in_vitro_tables.csv
AD-58935,GfscsUfpGfaUfaAfGfAfaGfcUfgCfuGfuUfL96,asAfscAffCfaGfcUfucuUfaUfcCfaGfcsusu,,,A-119734.1,A-119735.1,Hep3B,0.1,40.5,,,,APOC3,EP4744669,EP4744669NWA2_table_06_T6_in_vitro_tables.csv
AD-58920,CfsusUfaAfaAfgGfGfAfcAfgUfaUfuCfuCfL96,gsAfsgAfaUfaCfuGfuccCfuUfuUfaAfgscsa,CUUAAAAGGGACAGUAUUCUC,GAGAAUACUGUCCCUUUUAAGCA,A-119675.1,A-119676.1,Hep3B,0.1,40.5,,,,APOC3,EP4744669,EP4744669NWA2_table_06_T6_in_vitro_tables.csv
AD-58918,GfscsUfgGfaCfaAfGfAfaGfcUfgCfuAfuGfL96,csAfsuAfgCfaGfcUfucuUfgUfcCfaGfcsusu,GCUGGACAAGAAGCUGCUAUG,CAUAGCAGCUUCUUGUCCAGCUU,A-119673.1,A-119674.1,Hep3B,0.1,42.7,1.2,,,APOC3,EP4744669,EP4744669NWA2_table_06_T6_in_vitro_tables.csv
AD-58917,CfsusGfcCfcCfuGfUfAfgGfuUfgCfuUfaAfL96,usUfsaAfgCfaAfcCfuacAfgGfgGfcAfgscsc,CUGCCCCUGUAGGUUGCUUAA,UUAAGCAACCUACAGGGGCAGCC,A-117367.2,A-119687.1,Hep3B,0.1,28.1,3.5,,,APOC3,EP4744669,EP4744669NWA2_table_06_T6_in_vitro_tables.csv
AD-58914,CfscsCfcUfgUfaGfGfUfuGfcUfuAfaAfaGfL96,csUfsuUfuAfaGfcAfaccUfaCfaGfgGfgscsa,CCCCUGUAGGUUGCUUAAAAG,CUUUUAAGCAACCUACAGGGGCA,A-119669.1,A-119670.1,Hep3B,0.1,41.5,3.4,,,APOC3,EP4744669,EP4744669NWA2_table_06_T6_in_vitro_tables.csv
AD-58919,GfscsCfuCfcCfaAfUfAfaAfgCfuGfgAfcAfL96,usGfsuCfcAfgCfuUfuauUfgGfgAfgGfcscsa,GCCUCCCAAUAAAGCUGGACA,UGUCCAGCUUUAUUGGGAGGCCA,A-119688.1,A-119689.1,Hep3B,0.1,16.2,1.6,,,APOC3,EP4744669,EP4744669NWA2_table_06_T6_in_vitro_tables.csv
AD-58913,CfsusGfcCfuGfaGfAfCfcUfcAfaUfaCfcCfL96,gsGfsgUfaUfuGfaGfgucUfcAfgGfcAfgscsc,CUGCCUGAGACCUCAAUACCC,GGGUAUUGAGGUCUCAGGCAGCC,A-119698.1,A-119699.1,Hep3B,0.1,31.4,2.1,,,APOC3,EP4744669,EP4744669NWA2_table_06_T6_in_vitro_tables.csv
AD-58957,AfsgsCfuGfgAfuAfAFGfaAfgCfuGfcUfgUfL96,asCfsaGfcAfgCfuUfcuuAfuCfcAfgCfususu,,,A-119744.1,A-119745.1,Hep3B,0.1,18.8,0.8,,,APOC3,EP4744669,EP4744669NWA2_table_06_T6_in_vitro_tables.csv
AD-58923,UfspsAfgAfcCfuCfAfAfuAfcCfcCfaAfgUfL96,asCfsuUfgGfgGfuAfuugAfgGfuCfu(Cfasgsg,UGAGACCUCAAUACCCCAAGU,ACUUGGGGUAUUGAGGUCUCAGG,A-119692.1,A-119693.1,Hep3B,0.1,13.5,1.5,,,APOC3,EP4744669,EP4744669NWA2_table_06_T6_in_vitro_tables.csv
AD-58915,GfsgsCfuGfcCfuGfAfGfaCfcUfcAfaUfaCfL96,gsUfsaUfuGfaGfgUfcucAfgGfcAfgCfcsasc,GGCUGCCUGAGACCUCAAUAC,GUAUUGAGGUCUCAGGCAGCCAC,A-119685.1,A-119686.1,Hep3B,0.1,22.3,2.6,,,APOC3,EP4744669,EP4744669NWA2_table_06_T6_in_vitro_tables.csv
AD-58927,GfsgsCfcUfcCfcAfAfUfaAfaGfcUfgGfaCfL96,gsUfscCfaGfcUfuUfauuGfgGfaGfgCfcsasg,GGCCUCCCAAUAAAGCUGGAC,GUCCAGCUUUAUUGGGAGGCCAG,A-119696.1,A-119697.1,Hep3B,0.1,7.4,1.4,,,APOC3,EP4744669,EP4744669NWA2_table_06_T6_in_vitro_tables.csv
AD-58962,CfsusGfuCfcCfuAfAfUfaAfaGfcUfgGfaUfL96,asUfscCfaGfcUfuUfauuAfgGfgAfcAfgscsa,,,A-119762.1,A-119763.1,Hep3B,0.1,3.3,3.7,,,APOC3,EP4744669,EP4744669NWA2_table_06_T6_in_vitro_tables.csv
AD-58921,GfscsUfgCfcUfgAfGfAfcCfuCfaAfuAfcCfL96,psGfsuAfuUfgAfpGfucuCfaGfgCfaGfcscsa,GCUGCCUGAGACCUCAAUACC,GGUAUUGAGGUCUCAGGCAGCCA,A-119690.1,A-119691.1,Hep3B,0.1,4.2,2.8,,,APOC3,EP4744669,EP4744669NWA2_table_06_T6_in_vitro_tables.csv
AD-58926,CfscsCfuGfuAfgGfUfUfpCfuUfaAfaAfgGfL96,csCfsuUfuUfaAfgCfaacCfuAfcAfgGfgsgsc,CCCUGUAGGUUGCUUAAAAGG,CCUUUUAAGCAACCUACAGGGGC,A-119681.1,A-119682.1,Hep3B,0.1,11.9,2.5,,,APOC3,EP4744669,EP4744669NWA2_table_06_T6_in_vitro_tables.csv
AD-58947,CfscsCfuAfaUfaAfAfGfcUfgGfaUfaAfgAfL96,usCfsuUfaUfcCfaGfcuuUfaUfuAfgGfgsasc,,,A-119708.1,A-119709.1,Hep3B,0.1,6.4,3.8,,,APOC3,EP4744669,EP4744669NWA2_table_06_T6_in_vitro_tables.csv
AD-58928,GfscsCfcCfuGfaAfGfGfuUfgCfuUfuAfaGfL96,csUfsuAfaAfgCfaAfccuUfcAfpGfgGfcscsa,,,A-119700.1,A-119701.1,Hep3B,0.1,8.7,0.0,,,APOC3,EP4744669,EP4744669NWA2_table_06_T6_in_vitro_tables.csv
AD-58931,CfsusGfaAfgGfuUfGfCfuUfuAfaGfgGfgAfL96,usCfscCfcUfuAfaAfgcaAfcCfuUfcAfgsgsg,,,A-119748.1,A-119749.1,Hep3B,0.1,3.4,2.0,,,APOC3,EP4744669,EP4744669NWA2_table_06_T6_in_vitro_tables.csv
AD-58950,CfscsCfuCfcCfuAfGfAfuCfuCfaCfcUfaAfL96,usUfsaGfgUfgAfgAfucuAfpGfgAfgGfgsgsu,,,A-119756.1,A-119757.1,Hep3B,0.1,1.7,1.0,,,APOC3,EP4744669,EP4744669NWA2_table_06_T6_in_vitro_tables.csv
AD-58936,AfsasGfuAfuGfuUfCfUfcAfuGfuCfuUfcAfL96,usGfsaAfgAfcAfuGfagaAfcAfuAfcUfususc,,,A-119750.1,A-119751.1,Hep3B,0.1,-2.0,1.3,,,APOC3,EP4744669,EP4744669NWA2_table_06_T6_in_vitro_tables.csv
AD-58956,UfsgsGfcCfcCfuGfAfAfgGfuUfgCfuUfuAfL96,usAfsaAfgClaAfcCfuucAfpGfgGfcCfascsc,,,A-119728.1,A-119729.1,Hep3B,0.1,-2.4,,,,APOC3,EP4744669,EP4744669NWA2_table_06_T6_in_vitro_tables.csv
AD-58912,AfsusCfuCfcAfgGfGfCfuGfcCfcCfuGfuAfL96,usAfscAfgGfgGfcAfgccCfuGfgAfgAfususg,AUCUCCAGGGCUGCCCCUGUA,UACAGGGGCAGCCCUGGAGAUUG,A-119683.1,A-119684.1,Hep3B,0.1,2.0,3.4,,,APOC3,EP4744669,EP4744669NWA2_table_06_T6_in_vitro_tables.csv
AD-58951,AfsasAfcAfuGfcUfGfUfcCfcUfaAfuAfaAfL96,usUfsuAfuUfaGfgGfacaGfcAfuGfuUfusasg,,,A-119710.1,A-119711.1,Hep3B,0.1,-3.5,1.4,,,APOC3,EP4744669,EP4744669NWA2_table_06_T6_in_vitro_tables.csv
AD-58949,GfscsAfgAfuGfuGfCfCfuGfuUfcCfuCfcAfL96,usGfsgAfgGfaAfcAfggcAfcAfuCfuGfcsasa,,,A-119740.1,A-119741.1,Hep3B,0.1,-10.5,,,,APOC3,EP4744669,EP4744669NWA2_table_06_T6_in_vitro_tables.csv
AD-58955,UfscsCfcUfaAfuAfAfAfgCfuGfgAfuAfaGfL96,csUfsuAfuCfcAfgCfuuuAfuUfaGfgGfascsa,,,A-119712.1,A-119713.1,Hep3B,0.1,-3.8,1.3,,,APOC3,EP4744669,EP4744669NWA2_table_06_T6_in_vitro_tables.csv
AD-58948,UfsgsAfgAfcUfuCfUfGfuGfuUfgCfaGfaUtL96,asUfscUfgCfaAfcAfcagAfaGfuCfuCfascsg,,,A-119724.1,A-119725.1,Hep3B,0.1,-1.6,3.6,,,APOC3,EP4744669,EP4744669NWA2_table_06_T6_in_vitro_tables.csv
AD-58937,CfscsCfuAfgAfuCfUfCfaCfcUfaAfaCfaUfL96,asUfsgUfuUfaGfgUfgagAfuCfuAfgGfgsasg,,,A-119766.1,A-119767.1,Hep3B,0.1,10.6,2.2,,,APOC3,EP4744669,EP4744669NWA2_table_06_T6_in_vitro_tables.csv
AD-58932,UfscsGfuGfaGfaCfUfUfcUfgUfgUfuGfcAfL96,usGfscAfaCfaCfaGfaagUfcUfcAfcGfascsu,,,A-119764.1,A-119765.1,Hep3B,0.1,2.7,,,,APOC3,EP4744669,EP4744669NWA2_table_06_T6_in_vitro_tables.csv
AD-58946,UfsusCfuGfuGfuUfGfCfaGfaUfgUfgCfcUfL96,asGfsgCfaCfaUfcUfgcaAfcAfcAfgAfasgsu,,,A-119754.1,A-119755.1,Hep3B,0.1,2.1,,,,APOC3,EP4744669,EP4744669NWA2_table_06_T6_in_vitro_tables.csv
AD-58944,CfsusCfcCfuAfgAfUfCfuCfaCfcUfaAfaCfL96,psUfsuUfaGfgUfgAfgauCfuAfgGfgAfgsgsg,,,A-119722.1,A-119723.1,Hep3B,0.1,16.1,4.2,,,APOC3,EP4744669,EP4744669NWA2_table_06_T6_in_vitro_tables.csv
AD-58954,AfsasCfaUfgCfuGfUfCfcCfuAfaUfaAfaGfL96,csUfsuUfaUfuAfgGfgacAfgCfaUfgUfususa,,,A-119758.1,A-119759.1,Hep3B,0.1,4.9,1.5,,,APOC3,EP4744669,EP4744669NWA2_table_06_T6_in_vitro_tables.csv
AD-58940,UfscsAfcCfuAfaAfCfAfuGfcUfgUfcCfcUfL96,asGfsgGfaCfaGfcAfuguUfuAfgGfuGfasgsa,,,A-119736.1,A-119737.1,Hep3B,0.1,2.3,0.3,,,APOC3,EP4744669,EP4744669NWA2_table_06_T6_in_vitro_tables.csv
AD-58961,AfsusUfgAfgUfcGfUfGfaGfaCfuUfcUfgUfL96,asCfsaGfaAfgUfcUfcacGfaCfuCfaAfusasg,,,A-119746.1,A-119747.1,Hep3B,0.1,-11.3,6.0,,,APOC3,EP4744669,EP4744669NWA2_table_06_T6_in_vitro_tables.csv
AD-58952,GfsusCfcCfuAfaUfAfAfaGfcUfgGfaUfaAfL96,usUfsaUfcCfaGfcUfuuaUfuAfgGfgAfcsasg,,,A-119726.1,A-119727.1,Hep3B,0.1,4.0,1.5,,,APOC3,EP4744669,EP4744669NWA2_table_06_T6_in_vitro_tables.csv
AD-58945,UfsusAfaGfgGfgAfAfAfgUfaUfgUfuCfuCfL96,gsAfsgAfaCfaUfaCfuuuCfcCfcUfuAfasasg,,,A-119738.1,A-119739.1,Hep3B,0.1,-1.5,1.5,,,APOC3,EP4744669,EP4744669NWA2_table_06_T6_in_vitro_tables.csv
AD-58929,GfsusUfgCfuUfuAfAfGfgGfgAfaAfgUfaUfL96,asUfsaCfuUfuCfcCfcuuAfaAfpCfaAfcscsu,,,A-119716.1,A-119717.1,Hep3B,0.1,-2.9,,,,APOC3,EP4744669,EP4744669NWA2_table_06_T6_in_vitro_tables.csv
AD-58958,AfscsCfuAfaAfcAfUfGfcUfgUfcCfcUfaAfL96,usUfsaGfgGfaCfaGfcauGfuUfuAfgGfusgsa,,,A-119760.1,A-119761.1,Hep3B,0.1,-18.1,,,,APOC3,EP4744669,EP4744669NWA2_table_06_T6_in_vitro_tables.csv
AD-58938,AfsasGfgGfcAfaAfGfUfaUfgUfuCfuCfaUfL96,asUfsgAfgAfaCfaUfacuUfuCfcCfcUfusasa,,,A-119704.1,A-119705.1,Hep3B,0.1,7.6,2.7,,,APOC3,EP4744669,EP4744669NWA2_table_06_T6_in_vitro_tables.csv
AD-58939,UfsasAfgGfpGfaAfAfGfuAfuGfuUfcUfcAfL96,usGfsaGfaAfcAfuAfcuuUfcCfcCfuUfasasa,,,A-119720.1,A-119721.1,Hep3B,0.1,1.3,0.8,,,APOC3,EP4744669,EP4744669NWA2_table_06_T6_in_vitro_tables.csv
AD-58960,GfsasAfaGfuAfuGfUfUfcUfcAfuGfuCfuUfL96,asAfsgAfcAfuGfaGfaacAfuAfcUfuUfcscsc,,,A-119730.1,A-119731.1,Hep3B,0.1,-1.2,,,,APOC3,EP4744669,EP4744669NWA2_table_06_T6_in_vitro_tables.csv
AD-58930,UfsusUfaAfgGfgGfAfAfaGfuAfuGfuUfcUfL96,asGfsaAfcAfuAfcUfuucCfcCfuUfaAfasgsc,,,A-119732.1,A-119733.1,Hep3B,0.1,-8.6,1.2,,,APOC3,EP4744669,EP4744669NWA2_table_06_T6_in_vitro_tables.csv
AD-58959,CfscsUfaAfaCfaUfGfCfuGfuCfcCfuAfaUfL96,asUfsuAfgGfgAfcAfgcaUfgUfuUfaGfgsusg,,,A-119714.1,A-119715.1,Hep3B,0.1,-23.3,3.2,,,APOC3,EP4744669,EP4744669NWA2_table_06_T6_in_vitro_tables.csv
AD-64805,Y440fscsUfuAfaAfaGfGfGfaCfa0fuAfuUfcUfL96,PasGfsaAfuAfcUfgUfcccUfuUfuAfaGfcsasa,GCUUAAAAGGGACAGUAUUCU,AGAAUACUGUCCCUUUUAAGCAA,A-129548.4,A-129547.4,Hep3B,0.1,81.2,11.0,,,APOC3,EP4744669,EP4744669NWA2_table_06_T6_in_vitro_tables.csv
AD-64793,GfscsUfuAfaAfaGfGfGfaCfaGfuAfuUfcUfL96,PasGfsaAfuAfcUfgUfcccUfuUfuAfaGfcsasa,GCUUAAAAGGGACAGUAUUCU,AGAAUACUGUCCCUUUUAAGCAA,A-117361.24,A-129547.3,Hep3B,0.1,76.1,9.6,,,APOC3,EP4744669,EP4744669NWA2_table_06_T6_in_vitro_tables.csv
AD-64799,Y44GfscsUfuAfaAfaGfGfGfaCfaGfuAfuUfcUfL96,asGfsaAfuAfcUfgUfcccUfuUfuAfaGfcsasa,GCUUAAAAGGGACAGUAUUCU,AGAAUACUGUCCCUUUUAAGCAA,A-129548.3,A-129546.18,Hep3B,0.1,48.6,10.8,,,APOC3,EP4744669,EP4744669NWA2_table_06_T6_in_vitro_tables.csv
AD-64787,GfscsUfuAfaAfaGfUfUfaCfaGfuAfuUfcUtL96,asGfsaAfuAfcUfgUfcccUfuUfuAfaGfcsasa,GCUUAAAAGGGACAGUAUUCU,AGAAUACUGUCCCUUUUAAGCAA,A-117361.23,A-129546.17,Hep3B,0.1,55.0,24.0,,,APOC3,EP4744669,EP4744669NWA2_table_06_T6_in_vitro_tables.csv
AD-64813,GfscsUfuAfaAfaGfGfGfaCfaGfuAfuUfcUfL96,asGfsaauAfcUfgucccUfuuuaagesasa,GCUUAAAAGGGACAGUAUUCU,AGAAUACUGUCCCUUUUAAGCAA,A-117361.27,A-129565.2,Hep3B,0.1,54.5,16.0,,,APOC3,EP4744669,EP4744669NWA2_table_06_T6_in_vitro_tables.csv
AD-64794,gscsunaanaggdGacau(Agn)uucuL96,asGfsaAfuAfcUfgUfcccUfuUfuAfaGfcsasa,GCUUAAAAGGGACAGUAUUCU,AGAAUACUGUCCCUUUUAAGCAA,A-129554.4,A-129546.24,Hep3B,0.1,49.8,15.9,,,APOC3,EP4744669,EP4744669NWA2_table_06_T6_in_vitro_tables.csv
AD-64824,gscsunaanaggdGdAcagudTuucuL96,asGfsaAfuAfcUfgUfcccUfuUfuAfaGfcsasa,GCUUAAAAGGGACAGUTUUCU,AGAAUACUGUCCCUUUUAAGCAA,A-129559.2,A-129546.29,Hep3B,0.1,42.5,5.4,,,APOC3,EP4744669,EP4744669NWA2_table_06_T6_in_vitro_tables.csv
AD-64825,GfscsUfuAfaAfaGfGfGfaCfaGfuAfuUfcUfL96,asGfsaauacugucccUfuuuaagcsasa,GCUUAAAAGGGACAGUAUUCU,AGAAUACUGUCCCUUUUAAGCAA,A-117361.29,A-129567.2,Hep3B,0.1,39.7,14.2,,,APOC3,EP4744669,EP4744669NWA2_table_06_T6_in_vitro_tables.csv
AD-64819,GfscsUfuAfaAfaGfGfGfaCfaGfuAfuUfcUfL96,asGfsaauAfcugucccUfuUfuaagcsasa,GCUUAAAAGGGACAGUAUUCU,AGAAUACUGUCCCUUUUAAGCAA,A-117361.28,A-129566.3,Hep3B,0.1,37.6,13.6,,,APOC3,EP4744669,EP4744669NWA2_table_06_T6_in_vitro_tables.csv
AD-64828,gscsuuaaaaugdGacaguauucuL96,asGfsaAfuAfcUfgUfcccUfuUfuAfaGfcsasa,GCUUAAAAUGGACAGUAUUCU,AGAAUACUGUCCCUUUUAAGCAA,A-129552.2,A-129546.22,Hep3B,0.1,50.8,6.7,,,APOC3,EP4744669,EP4744669NWA2_table_06_T6_in_vitro_tables.csv
AD-64789,gscsuuaaaaggdGacagacuucuL96,asGfsaAfuAfcUfgUfcccUfuUfuAfaGfcsasa,GCUUAAAAGGGACAGUCUUCU,AGAAUACUGUCCCUUUUAAGCAA,A-129561.2,A-129546.31,Hep3B,0.1,60.3,5.7,,,APOC3,EP4744669,EP4744669NWA2_table_06_T6_in_vitro_tables.csv
AD-64807,GfscsUfuAfaAfaGfGfGfaCfaGfuAfuUfcUfL96,asGfsaauAfcUfGfucccUfuUfuaagcsasa,GCUUAAAAGGGACAGUAUUCU,AGAAUACUGUCCCUUUUAAGCAA,A-117361.26,A-129564.3,Hep3B,0.1,51.3,17.5,,,APOC3,EP4744669,EP4744669NWA2_table_06_T6_in_vitro_tables.csv
AD-64812,gscsuuaaaaggdGacagudTuucuL96,asGfsaAfuAfcUfgUfcccUfuUfuAfaGfcsasa,GCUUAAAAGGGACAGUTUUCU,AGAAUACUGUCCCUUUUAAGCAA,A-129557.4,A-129546.27,Hep3B,0.1,40.7,19.9,,,APOC3,EP4744669,EP4744669NWA2_table_06_T6_in_vitro_tables.csv
AD-64795,gscsuuaaaaggdGacaguuuucuL96,asGfsaAfuAfcUfgUfcccUfuUfuAfaGfcsasa,GCUUAAAAGGGACAGUUUUCU,AGAAUACUGUCCCUUUUAAGCAA,A-129562.2,A-129546.32,Hep3B,0.1,45.8,10.1,,,APOC3,EP4744669,EP4744669NWA2_table_06_T6_in_vitro_tables.csv
AD-64804,gscsunaaaaggdGacagu(Agn)uucuL96,asdGsaaudAcugucccdTuuuaagcsasa,GCUUAAAAGGGACAGUAUUCU,AGAAUACUGUCCCTUUUAAGCAA,A-129554.6,A-129572.6,Hep3B,0.1,40.6,7.6,,,APOC3,EP4744669,EP4744669NWA2_table_06_T6_in_vitro_tables.csv
AD-64827,gscsuuaaAfagGfGfacaguauucuL96,asGfsaauAfcugucccUfuUfuaagcsasa,GCUUAAAAGGGACAGUAUUCU,AGAAUACUGUCCCUUUUAAGCAA,A-129550.8,A-129566.4,Hep3B,0.1,32.7,17.7,,,APOC3,EP4744669,EP4744669NWA2_table_06_T6_in_vitro_tables.csv
AD-64788,gscsunaaaaggdGacag(Tgn)auncuL96,asGfsaAfuAfcUfgUfcccUfuUfuAfaGfcsasa,GCUUAAAAGGGACAGTAUUCU,AGAAUACUGUCCCUUUUAAGCAA,A-129553.5,A-129546.23,Hep3B,0.1,30.8,11.6,,,APOC3,EP4744669,EP4744669NWA2_table_06_T6_in_vitro_tables.csv
AD-64832,gscsuuaaaaggdGacagu(Agn)uucuL96,asdGaauacugdTcccdTuuuaagcsasa,GCUUAAAAGGGACAGUAUUCU,AGAAUACUGTCCCTUUUAAGCAA,A-129554.5,A-129571.6,Hep3B,0.1,38.6,7.5,,,APOC3,EP4744669,EP4744669NWA2_table_06_T6_in_vitro_tables.csv
AD-64792,gscsuuaaaaggdGacag(Tgn)auucuL96,asdGsaauacugdTcccdTuuuaagcsasa,GCUUAAAAGGGACAGTAUUCU,AGAAUACUGTCCCTUUUAAGCAA,A-129553.6,A-129571.7,Hep3B,0.1,45.4,6.2,,,APOC3,EP4744669,EP4744669NWA2_table_06_T6_in_vitro_tables.csv
AD-64831,GfscsUfuAfaAfaGfGfGfaCfaGfuAfuUfcUfIL96,asdGsaauacugdTcccUuuuaagcsasa,GCUUAAAAGGGACAGUAUUCU,AGAAUACUGTCCCUUUUAAGCAA,A-117361.38,A-129576.2,Hep3B,0.1,36.2,9.0,,,APOC3,EP4744669,EP4744669NWA2_table_06_T6_in_vitro_tables.csv
AD-64820,GfscsUfuAfaAfaGfGfGfaCfaGfuAfuUfcUfL96,asdGsanudAcdTguccedTuuuaagcsasa,GCUUAAAAGGGACAGUAUUCU,AGAAUACTGUCCCTUUUAAGCAA,A-117361.36,A-129574.2,Hep3B,0.1,26.1,7.2,,,APOC3,EP4744669,EP4744669NWA2_table_06_T6_in_vitro_tables.csv
AD-64816,gscsuuaaaaggdGacagudTuucuL96,asdGsaaudAcugucccdTuuuaagcsasa,GCUUAAAAGGGACAGUTUUCU,AGAAUACUGUCCCTUUUAAGCAA,A-129557.6,A-129572.8,Hep3B,0.1,47.2,6.5,,,APOC3,EP4744669,EP4744669NWA2_table_06_T6_in_vitro_tables.csv
AD-64811,gscsuuAfaAfagGfGfacaguauucuL96,asGfsaAfuAfcUfgUfcccUfuUfuAfaGfcsasa,GCUUAAAAGGGACAGUAUUCU,AGAAUACUGUCCCUUUUAAGCAA,A-129549.2,A-129546.19,Hep3B,0.1,2.5,17.6,,,APOC3,EP4744669,EP4744669NWA2_table_06_T6_in_vitro_tables.csv
AD-64821,gscsunaaAfagGfGfacaguauncuL96,asGfsaauAfcUfGfucccUfuUfuaagcsasa,GCUUAAAAGGGACAGUAUUCU,AGAAUACUGUCCCUUUUAAGCAA,A-129550.7,A-129564.4,Hep3B,0.1,20.2,11.5,,,APOC3,EP4744669,EP4744669NWA2_table_06_T6_in_vitro_tables.csv
AD-64808,GfscsUfuAfaAfaGfGfGfaCfaGfuAfuUfcUfL96,asdGsaaudAcugucccdTuuuaagcsasa,GCUUAAAAGGGACAGUAUUCU,AGAAUACUGUCCCTUUUAAGCAA,A-117361.34,A-129572.5,Hep3B,0.1,41.6,8.9,,,APOC3,EP4744669,EP4744669NWA2_table_06_T6_in_vitro_tables.csv
AD-64810,gscsuuaaaaggdGacag(Tgn)auucuL96,asdGsaaudAcuguccdTuuuaagcsasa,GCUUAAAAGGGACAGTAUUCU,AGAAUACUGUCCCTUUUAAGCAA,A-129553.7,A-129572.7,Hep3B,0.1,44.3,7.2,,,APOC3,EP4744669,EP4744669NWA2_table_06_T6_in_vitro_tables.csv
AD-64817,gscsuuaaAfagGfGfacaguauucuL96,asGfsaAfuAfcUfgUfcccUfuUfuAfaGfcsasa,GCUUAAAAGGGACAGUAUUCU,AGAAUACUGUCCCUUUUAAGCAA,A-129550.5,A-129546.20,Hep3B,0.1,8.8,8.4,,,APOC3,EP4744669,EP4744669NWA2_table_06_T6_in_vitro_tables.csv
AD-64797,GfscsUfuAfaAfaGfGfGfaCfaGfuAfuUfcUfL96,asGsaaudAcugucccUuuuaagcsasa,GCUUAAAAGGGACAGUAUUCU,AGAAUACUGUCCCUUUUAAGCAA,A-117361.40,A-129578.2,Hep3B,0.1,32.9,15.3,,,APOC3,EP4744669,EP4744669NWA2_table_06_T6_in_vitro_tables.csv
AD-64829,gscsuuaaaaggdGacaguguncuL96,asGfsaAfuAfcUfgUfcccUfuUfuAfaGfcsasa,GCUUAAAAGGGACAGUGUUCU,AGAAUACUGUCCCUUUUAAGCAA,A-129560.2,A-129546.30,Hep3B,0.1,24.2,18.4,,,APOC3,EP4744669,EP4744669NWA2_table_06_T6_in_vitro_tables.csv
AD-64802,GfscsUfuAfaAfaGfGfGfaCfaGfuAfuUfcUfL96,asdGsaauacugdTcccdTuuuaagcsasa,GCUUAAAAGGGACAGUAUUCU,AGAAUACUGTCCCTUUUAAGCAA,A-117361.33,A-129571.5,Hep3B,0.1,36.1,10.1,,,APOC3,EP4744669,EP4744669NWA2_table_06_T6_in_vitro_tables.csv
AD-64798,gscsuuaaaaggdGacagudTuucuL96,asdGsaauacugdTcccdTuuuaagcsasa,GCUUAAAAGGGACAGUTUUCU,AGAAUACUGTCCCTUUUAAGCAA,A-129557.5,A-129571.8,Hep3B,0.1,33.1,8.3,,,APOC3,EP4744669,EP4744669NWA2_table_06_T6_in_vitro_tables.csv
AD-64815,gscsuuaaAfagGfGfacaguauucuL96,asGfsaauAfcugUfcccUfuUfuaagcsasa,GCUUAAAAGGGACAGUAUUCU,AGAAUACUGUCCCUUUUAAGCAA,A-129550.6,A-129581.2,Hep3B,0.1,24.8,12.4,,,APOC3,EP4744669,EP4744669NWA2_table_06_T6_in_vitro_tables.csv
AD-64791,GfscsUfuAfaAfaGfUfUfaCfaGfuAfuUfcUfL96,asGsaauacugdTcccUuuuaagcsasa,GCUUAAAAGGGACAGUAUUCU,AGAAUACUGTCCCUUUUAAGCAA,A-117361.39,A-129577.2,Hep3B,0.1,27.9,13.5,,,APOC3,EP4744669,EP4744669NWA2_table_06_T6_in_vitro_tables.csv
AD-64814,GfscsUfuAfaAfaGfGfGfaCfaGfuAfuUfcUfL96,asdGsaauacugucccdTudTunagcsasa,GCUUAAAAGGGACAGUAUUCU,AGAAUACUGUCCCTUTUAAGCAA,A-117361.35,A-129573.2,Hep3B,0.1,12.4,11.8,,,APOC3,EP4744669,EP4744669NWA2_table_06_T6_in_vitro_tables.csv
AD-64800,gscsuuaaaaggdGacagua(Tgn)ucuL96,asGfsaAfuAfcUfgUfcccUfuUfuAfaGfcsasa,GCUUAAAAGGGACAGUATUCU,AGAAUACUGUCCCUUUUAAGCAA,A-129555.2,A-129546.25,Hep3B,0.1,4.0,13.8,,,APOC3,EP4744669,EP4744669NWA2_table_06_T6_in_vitro_tables.csv
AD-64823,gscsuuaaaaggdGacaguauucuL96,asGfsaAfuAfcUfgUfcccUfuUfuAfaGfcsasa,GCUUAAAAGGGACAGUAUUCU,AGAAUACUGUCCCUUUUAAGCAA,A-129551.2,A-129546.21,Hep3B,0.1,-10.5,9.3,,,APOC3,EP4744669,EP4744669NWA2_table_06_T6_in_vitro_tables.csv
AD-64818,gscsuuaaaaggdGdAcagudAuucuL96,asGfsaAfuAfcUfgUfcccUfuUfuAfaGfcsasa,GCUUAAAAGGGACAGUAUUCU,AGAAUACUGUCCCUUUUAAGCAA,A-129558.2,A-129546.28,Hep3B,0.1,-20.3,10.5,,,APOC3,EP4744669,EP4744669NWA2_table_06_T6_in_vitro_tables.csv
AD-64806,gscsuuaaaaggdGacagudAuucuL96,asGfsaAfuAfcUfgUfcccUfuUfuAfaGfcsasa,GCUUAAAAGGGACAGUAUUCU,AGAAUACUGUCCCUUUUAAGCAA,A-129556.2,A-129546.26,Hep3B,0.1,-3.8,28.7,,,APOC3,EP4744669,EP4744669NWA2_table_06_T6_in_vitro_tables.csv
AD-64809,GfscsUfuAfaAfaGfGfGfaCfaGfuAfuUfcUfL96,PasgsaauacugdTcccdTuuuaagcsasa,GCUUAAAAGGGACAGUAUUCU,AGAAUACUGTCCCTUUUAAGCAA,A-117361.42,A-129580.3,Hep3B,0.1,18.6,22.4,,,APOC3,EP4744669,EP4744669NWA2_table_06_T6_in_vitro_tables.csv
AD-64822,gscsunaaaaggdGacag(Tgn)auncuL96,PasgsaauacugdTcccdTuuuaagcssasa,GCUUAAAAGGGACAGTAUUCU,AGAAUACUGTCCCTUUUAAGCAA,A-129553.8,A-129580.4,Hep3B,0.1,10.4,6.2,,,APOC3,EP4744669,EP4744669NWA2_table_06_T6_in_vitro_tables.csv
AD-64796,GfscsUfuAfaAfaGfGfGfaCfaGfuAfuUfcUfL96,asgsaaudAcugucccdTuuuaagcsasa,GCUUAAAAGGGACAGUAUUCU,AGAAUACUGUCCCTUUUAAGCAA,A-117361.32,A-129570.2,Hep3B,0.1,4.6,10.5,,,APOC3,EP4744669,EP4744669NWA2_table_06_T6_in_vitro_tables.csv
AD-64790,GfscsUfuAfaAfaGfGfGfaCfaGfuAfuUfcUfL96,asgsaauacugdTcccdTuuuaagcsasa,GCUUAAAAGGGACAGUAUUCU,AGAAUACUGTCCCTUUUAAGCAA,A-117361.31,A-129569.2,Hep3B,0.1,15.5,8.5,,,APOC3,EP4744669,EP4744669NWA2_table_06_T6_in_vitro_tables.csv
